SC,count_total,Trustworthy,Untrustworthy,periode
h3,0,0,0,1
f2,2,1,1,1
f2,1,0,1,1
f3,1,0,1,1
h5,2,2,0,1
f5,1,0,1,1
f1,2,0,2,1
h2,3,1,2,1
f1,3,0,3,1
h5,4,2,2,1
f1,0,0,0,2
f4,0,0,0,2
h5,0,0,0,2
h2,0,0,0,2
h5,0,0,0,2
h2,0,0,0,2
f2,0,0,0,2
f4,0,0,0,2
h1,0,0,0,3
f5,3,3,0,3
h1,4,4,0,3
h3,4,3,1,3
h5,4,2,2,3
h5,4,2,2,3
h1,4,3,1,3
f1,0,0,0,4
h5,1,0,1,4
f2,1,0,1,4
f1,3,2,1,4
h5,2,1,1,4
f1,3,2,1,4
f3,2,2,0,4
f2,4,3,1,4
h2,0,0,0,5
h5,0,0,0,5
h5,0,0,0,5
h3,0,0,0,5
h1,2,0,2,5
h4,4,3,1,5
f2,4,4,0,5
h5,5,4,1,5
h3,5,4,1,5
h5,7,6,1,5
h4,3,3,0,6
f2,2,2,0,6
h4,3,3,0,6
h5,3,2,1,6
h1,4,3,1,6
h2,3,2,1,6
h5,3,3,0,6
f5,1,1,0,7
h1,1,0,1,7
f2,2,2,0,7
f3,2,2,0,7
h4,2,1,1,7
h4,1,0,1,7
f3,1,1,0,7
h5,3,2,1,7
h4,0,0,0,8
h1,1,1,0,8
f3,3,2,1,8
h5,5,4,1,8
h1,5,3,2,8
f4,5,5,0,8
h1,5,3,2,8
f3,3,3,0,8
f3,2,2,0,8
f5,2,2,0,8
h3,1,1,0,9
f2,0,0,0,9
h4,0,0,0,9
h1,0,0,0,9
f4,0,0,0,9
h2,3,2,1,9
f4,2,2,0,9
h5,2,2,0,9
f2,3,3,0,9
h1,0,0,0,10
h2,2,2,0,10
h1,2,1,1,10
f2,2,2,0,10
f2,1,1,0,10
h1,1,0,1,10
h4,1,1,0,10
h5,0,0,0,10
f1,0,0,0,10
f2,0,0,0,11
h3,0,0,0,11
f4,0,0,0,11
h3,2,2,0,11
f1,2,2,0,11
f2,2,2,0,11
h3,1,1,0,11
h3,0,0,0,11
f3,1,1,0,11
h5,1,1,0,11
h1,0,0,0,12
h1,1,0,1,12
h5,3,3,0,12
h5,2,2,0,12
h5,1,1,0,12
f1,0,0,0,12
f4,1,1,0,12
h1,0,0,0,12
h2,0,0,0,12
h3,0,0,0,12
f5,3,2,1,13
f2,4,4,0,13
h5,4,3,1,13
h5,4,3,1,13
f1,2,2,0,13
h3,2,2,0,13
f1,1,1,0,13
h2,1,1,0,14
f2,1,1,0,14
h1,1,1,0,14
h5,2,2,0,14
f1,2,2,0,14
f1,2,2,0,14
f4,2,2,0,14
h4,1,1,0,14
h2,0,0,0,15
h5,2,2,0,15
h5,1,1,0,15
f5,0,0,0,15
h4,3,3,0,15
f5,3,2,1,15
h1,2,1,1,15
h3,3,3,0,15
h5,2,2,0,15
h4,0,0,0,16
f3,1,1,0,16
f4,0,0,0,16
f1,1,1,0,16
f3,2,2,0,16
f5,1,1,0,16
h2,0,0,0,16
f4,1,1,0,16
f2,0,0,0,17
f4,1,1,0,17
f5,2,2,0,17
h3,1,1,0,17
h5,3,2,1,17
h5,2,1,1,17
f2,1,1,0,17
f4,2,1,1,17
h3,2,1,1,17
h2,0,0,0,18
f1,2,1,1,18
h4,2,1,1,18
h2,0,0,0,18
h5,3,3,0,18
h3,3,3,0,18
h5,2,2,0,18
f2,3,3,0,18
h1,5,3,2,18
f4,4,2,2,18
h3,0,0,0,19
h5,0,0,0,19
f4,1,0,1,19
f2,2,2,0,19
f1,3,2,1,19
f1,3,1,2,19
h3,3,3,0,19
h3,1,1,0,20
f3,0,0,0,20
f2,3,3,0,20
f1,3,2,1,20
h2,2,2,0,20
f3,1,1,0,20
f1,0,0,0,20
h3,0,0,0,20
h1,0,0,0,20
h5,0,0,0,21
h1,3,1,2,21
f3,1,1,0,21
f2,4,4,0,21
f3,3,2,1,21
h3,3,3,0,21
f2,1,1,0,22
f4,2,1,1,22
f2,3,2,1,22
h3,3,3,0,22
h3,3,3,0,22
f4,2,2,0,22
f2,2,1,1,22
h1,4,2,2,22
h1,3,1,2,22
f4,0,0,0,23
h5,0,0,0,23
h4,0,0,0,23
h3,2,2,0,23
f3,3,2,1,23
h2,4,3,1,23
f5,4,3,1,23
f2,4,4,0,23
f3,3,2,1,24
f3,2,1,1,24
h1,3,1,2,24
f4,2,1,1,24
h1,2,0,2,24
f2,2,2,0,24
h2,2,2,0,24
h3,1,1,0,24
h4,1,1,0,24
h1,1,0,1,25
h1,1,0,1,25
h3,2,2,0,25
f4,1,0,1,25
f4,3,2,1,25
h5,4,4,0,25
h5,5,5,0,25
h2,1,0,1,26
h4,2,1,1,26
f1,1,1,0,26
h1,0,0,0,26
h5,2,2,0,26
h1,2,1,1,26
h5,2,2,0,26
h3,1,1,0,26
h5,0,0,0,27
h1,5,2,3,27
f2,4,4,0,27
h2,0,0,0,28
h5,0,0,0,28
f1,2,1,1,28
f5,4,4,0,28
h2,3,2,1,28
h3,2,2,0,28
f3,2,2,0,28
h3,0,0,0,29
f2,0,0,0,29
h4,1,1,0,29
h1,2,1,1,29
h3,3,3,0,29
h3,2,2,0,29
f3,0,0,0,29
h5,1,1,0,29
h1,0,0,0,30
f2,2,2,0,30
f4,2,1,1,30
h3,2,2,0,30
f2,2,2,0,30
h5,3,3,0,30
h1,3,2,1,30
h4,3,2,1,30
f3,0,0,0,31
f4,0,0,0,31
h4,0,0,0,31
f2,0,0,0,31
h1,0,0,0,31
f3,0,0,0,31
h1,2,0,2,31
h1,2,0,2,31
h5,2,2,0,31
h2,1,1,0,32
h3,0,0,0,32
h2,2,1,1,32
h5,3,3,0,32
f2,1,1,0,32
h3,1,1,0,32
h3,0,0,0,32
f3,3,2,1,32
h3,0,0,0,33
f3,0,0,0,33
h3,2,2,0,33
h5,3,3,0,33
f2,3,3,0,33
h3,3,3,0,33
f5,2,2,0,33
f1,4,3,1,33
h3,0,0,0,34
h1,1,0,1,34
f1,2,1,1,34
f1,2,1,1,34
f4,5,3,2,34
h1,5,2,3,34
f1,5,3,2,34
h2,5,3,2,34
h3,3,3,0,34
h5,3,3,0,34
h3,0,0,0,36
f3,3,2,1,36
f4,3,1,2,36
f4,2,0,2,36
f1,3,3,0,36
h1,3,1,2,36
h1,2,0,2,36
h5,3,3,0,36
f5,2,2,0,36
f2,0,0,0,37
f3,0,0,0,37
h1,0,0,0,37
f4,1,1,0,37
h4,0,0,0,37
h1,0,0,0,37
h3,1,1,0,37
h5,1,1,0,37
f4,0,0,0,37
h3,0,0,0,37
h5,0,0,0,38
f1,0,0,0,38
f4,0,0,0,38
h5,0,0,0,38
f1,1,1,0,38
f3,2,1,1,38
f4,3,1,2,38
f4,0,0,0,39
h5,0,0,0,39
h5,0,0,0,39
f2,0,0,0,39
h1,0,0,0,39
h5,0,0,0,39
h1,0,0,0,39
h1,0,0,0,39
h3,0,0,0,39
h5,0,0,0,39
h1,0,0,0,40
h3,0,0,0,40
f5,0,0,0,40
f2,0,0,0,40
f2,0,0,0,40
f4,0,0,0,40
h3,0,0,0,40
f4,2,1,1,41
h4,2,2,0,41
h4,3,3,0,41
f2,3,3,0,41
f2,3,3,0,41
f2,3,3,0,41
h1,2,0,2,41
h3,3,3,0,41
h5,2,2,0,41
f1,2,0,2,42
f2,2,2,0,42
f5,2,1,1,42
h2,2,1,1,42
h4,2,2,0,42
h4,1,1,0,42
h3,1,1,0,42
h5,1,1,0,42
f3,0,0,0,43
f3,0,0,0,43
f2,1,1,0,43
f2,1,1,0,43
h5,1,1,0,43
h1,0,0,0,43
h5,1,1,0,43
h5,3,3,0,43
f2,4,3,1,43
f5,3,2,1,43
h5,1,1,0,44
h5,0,0,0,44
f4,1,1,0,44
h5,0,0,0,44
h5,0,0,0,44
f3,1,1,0,44
f4,0,0,0,44
h3,5,4,1,44
h1,0,0,0,45
h1,0,0,0,45
f2,0,0,0,45
h2,0,0,0,45
h5,0,0,0,45
f4,0,0,0,45
h5,0,0,0,45
f2,0,0,0,45
f4,0,0,0,45
f4,1,1,0,46
h1,0,0,0,46
f1,0,0,0,46
h3,1,1,0,46
h3,1,1,0,46
h2,3,2,1,46
f2,2,2,0,46
h5,2,2,0,46
f2,1,1,0,46
f3,0,0,0,47
h1,2,0,2,47
h3,2,1,1,47
h4,2,2,0,47
h3,1,0,1,47
f2,4,4,0,47
f3,3,3,0,47
h4,3,2,1,47
f1,3,2,1,47
h5,2,2,0,47
f2,0,0,0,48
h4,1,1,0,48
h5,3,3,0,48
h5,2,2,0,48
f5,1,0,1,48
h4,1,1,0,48
f3,0,0,0,48
f2,1,0,1,48
h3,3,3,0,48
h4,4,4,0,48
h3,0,0,0,49
f2,2,2,0,49
f5,1,1,0,49
f2,3,3,0,49
f3,2,2,0,49
h5,2,2,0,49
h5,2,2,0,50
h5,1,1,0,50
h5,0,0,0,50
f2,0,0,0,50
h4,1,1,0,50
f1,0,0,0,50
h2,0,0,0,50
f4,4,2,2,50
h2,1,1,0,51
f1,1,1,0,51
f4,2,1,1,51
h3,2,1,1,51
h1,3,1,2,51
h5,3,3,0,51
h1,3,0,3,51
h1,3,0,3,51
h5,5,5,0,51
h5,5,5,0,52
f5,4,2,2,52
h3,5,5,0,52
h1,3,1,2,52
f5,3,2,1,52
f5,1,0,1,53
f4,2,1,1,53
h5,2,2,0,53
h3,4,3,1,53
f3,3,2,1,53
f4,4,3,1,53
h5,3,3,0,54
f4,2,1,1,54
h1,2,0,2,54
h5,3,3,0,54
h5,2,2,0,54
f3,2,1,1,54
h5,3,3,0,54
h3,0,0,0,55
h3,0,0,0,55
h5,1,1,0,55
h1,2,0,2,55
h1,2,0,2,55
h5,2,2,0,55
h4,3,3,0,55
h3,4,3,1,55
h4,3,3,0,55
f2,1,1,0,56
h3,2,2,0,56
f2,1,1,0,56
h3,0,0,0,56
h4,2,2,0,56
h3,3,2,1,56
h5,2,2,0,56
f4,0,0,0,57
h5,0,0,0,57
h2,0,0,0,57
h4,2,1,1,57
h5,1,1,0,57
f2,1,1,0,57
f4,3,2,1,57
f3,3,3,0,57
f4,1,1,0,58
f2,0,0,0,58
h3,0,0,0,58
h3,0,0,0,58
h3,0,0,0,58
h1,0,0,0,58
h2,0,0,0,58
h5,0,0,0,58
f2,2,2,0,58
f3,0,0,0,58
h5,3,3,0,59
h2,3,2,1,59
h1,3,0,3,59
f5,5,3,2,59
f3,3,3,0,59
f4,4,2,2,59
f3,0,0,0,60
h1,0,0,0,60
h3,0,0,0,60
f1,0,0,0,60
f2,5,5,0,60
f3,1,0,1,61
h5,2,2,0,61
f1,0,0,0,61
f2,1,1,0,61
h5,1,1,0,61
h1,2,1,1,61
f2,0,0,0,62
f1,3,2,1,62
h2,2,2,0,62
f1,4,2,2,62
h3,4,4,0,62
h1,3,3,0,62
f2,5,5,0,62
f4,2,1,1,63
h5,1,1,0,63
h2,1,1,0,63
f5,1,0,1,63
h1,3,0,3,63
h5,5,4,1,63
h5,4,3,1,63
f1,3,2,1,63
f4,4,2,2,64
f4,3,1,2,64
h5,4,3,1,64
h3,3,3,0,64
f1,2,1,1,64
f1,1,0,1,64
f4,2,0,2,64
f4,3,1,2,64
h3,0,0,0,65
h1,1,0,1,65
h3,4,4,0,65
h1,4,2,2,65
f5,3,2,1,65
h1,4,1,3,65
h3,4,3,1,65
h5,3,3,0,65
f4,2,0,2,66
f3,2,1,1,66
f4,3,1,2,66
h1,4,1,3,66
h2,4,3,1,66
h4,4,4,0,66
f5,3,2,1,66
f5,2,1,1,66
f2,1,1,0,67
f3,1,1,0,67
f4,2,0,2,67
h3,2,2,0,67
h3,2,2,0,67
f3,4,3,1,67
h1,4,4,0,67
f3,4,3,1,67
h4,4,3,1,67
f4,0,0,0,68
h5,1,1,0,68
f2,0,0,0,68
h3,0,0,0,68
h5,1,1,0,68
f5,0,0,0,68
h5,3,3,0,68
h5,4,4,0,68
f2,0,0,0,69
f2,0,0,0,69
h3,0,0,0,69
h1,0,0,0,69
h3,0,0,0,69
f2,2,2,0,69
f3,1,0,1,69
h2,1,1,0,69
f3,0,0,0,69
f4,1,0,1,70
h1,2,1,1,70
h2,1,0,1,70
h3,1,1,0,70
h2,2,1,1,70
f3,2,2,0,70
h4,2,2,0,70
h5,2,2,0,70
h2,1,1,0,71
h4,1,1,0,71
f2,3,3,0,71
h3,2,1,1,71
h4,1,1,0,71
f3,1,1,0,71
f2,2,2,0,71
h3,2,2,0,71
h3,2,2,0,71
h5,2,2,0,71
h1,2,0,2,72
f3,3,2,1,72
h4,4,4,0,72
f4,4,2,2,72
h5,4,3,1,72
f4,3,1,2,72
h1,1,1,0,72
h2,2,1,1,72
f1,0,0,0,73
h3,0,0,0,73
h3,3,3,0,73
h5,3,3,0,73
h1,3,1,2,73
h1,2,0,2,73
h4,4,4,0,73
h4,4,4,0,73
f4,3,1,2,73
f3,1,0,1,74
f4,1,0,1,74
h4,1,1,0,74
h5,1,1,0,74
h2,1,1,0,74
h1,1,1,0,74
f2,0,0,0,74
f1,0,0,0,74
h5,1,1,0,74
f1,0,0,0,75
h3,1,1,0,75
h3,0,0,0,75
h3,1,1,0,75
h3,0,0,0,75
f1,2,1,1,75
f2,1,1,0,75
f1,1,0,1,75
h1,2,0,2,75
f1,3,2,1,76
h2,2,2,0,76
f4,2,2,0,76
f2,1,1,0,76
h4,0,0,0,76
h3,1,0,1,76
f2,1,1,0,76
h5,3,3,0,76
f2,1,1,0,76
f2,0,0,0,77
h5,1,1,0,77
f5,1,1,0,77
f2,1,1,0,77
h1,3,1,2,77
f1,2,1,1,77
h3,3,2,1,77
f3,4,4,0,77
f2,4,4,0,77
h3,1,1,0,78
h5,2,2,0,78
f4,1,1,0,79
f2,0,0,0,79
f2,0,0,0,79
f4,1,0,1,79
f3,1,1,0,79
h5,2,2,0,79
f4,1,1,0,79
f4,1,1,0,79
f4,0,0,0,80
h5,0,0,0,80
h1,0,0,0,80
h1,0,0,0,80
h3,0,0,0,80
f3,4,3,1,80
f3,4,3,1,80
f4,5,3,2,80
h5,4,3,1,80
h3,0,0,0,81
h5,1,1,0,81
h2,2,2,0,81
h2,2,2,0,81
h3,2,1,1,81
f3,1,1,0,81
h4,0,0,0,81
h4,3,3,0,82
h5,2,2,0,82
f5,2,1,1,82
h3,1,1,0,82
h2,1,1,0,82
h1,1,1,0,82
h2,3,3,0,82
f1,1,1,0,83
f2,0,0,0,83
h3,1,1,0,83
h1,1,0,1,83
h4,1,1,0,83
f5,0,0,0,83
h2,2,1,1,83
h5,1,1,0,83
h1,0,0,0,84
h5,6,5,1,84
f4,0,0,0,85
f2,0,0,0,85
f3,0,0,0,85
h1,3,1,2,85
f3,3,3,0,85
h1,4,2,2,85
f2,3,3,0,85
f3,2,2,0,85
h5,2,2,0,85
h1,3,2,1,85
f1,0,0,0,86
f3,0,0,0,86
h3,1,1,0,86
f3,0,0,0,86
f3,1,1,0,86
f4,2,2,0,86
f2,2,2,0,86
f2,2,2,0,86
f4,2,1,1,86
h4,1,1,0,86
f1,0,0,0,87
f4,2,0,2,87
h5,2,2,0,87
f5,1,1,0,87
h1,2,0,2,87
f2,2,2,0,87
h1,4,1,3,87
f2,2,2,0,87
f3,3,2,1,87
h2,0,0,0,88
f2,0,0,0,88
f2,0,0,0,88
f1,2,1,1,88
f2,2,2,0,88
f4,2,0,2,88
h3,3,2,1,88
f1,3,2,1,88
f5,3,1,2,88
h2,2,2,0,89
h2,1,1,0,89
f4,1,1,0,89
h5,2,2,0,89
f1,3,0,3,89
h4,3,2,1,89
f4,2,0,2,89
h3,3,2,1,89
h1,0,0,0,90
f3,0,0,0,90
h3,0,0,0,90
h4,1,1,0,90
f3,0,0,0,90
f2,1,1,0,90
h1,1,0,1,90
h3,1,1,0,90
h3,0,0,0,90
h2,0,0,0,91
f4,0,0,0,91
h1,0,0,0,91
h1,0,0,0,91
f4,1,0,1,91
f2,1,1,0,91
h3,1,1,0,91
f3,1,0,1,91
f4,1,0,1,92
f3,2,2,0,92
f4,2,2,0,92
h5,2,2,0,92
f2,1,1,0,92
h1,2,0,2,92
h5,2,2,0,92
h2,3,3,0,92
h4,3,3,0,92
f4,2,1,1,92
h3,0,0,0,93
h5,2,2,0,93
h1,2,0,2,93
f1,2,1,1,93
f3,0,0,0,93
f2,2,2,0,93
f3,4,3,1,93
f4,4,1,3,93
h4,5,4,1,93
h5,5,5,0,93
f3,3,2,1,94
f3,2,1,1,94
f4,1,0,1,94
f5,1,0,1,94
h1,1,0,1,94
h5,3,2,1,94
h5,1,1,0,95
h3,1,1,0,95
h3,2,2,0,95
f1,1,0,1,95
f3,0,0,0,95
f4,2,1,1,95
h5,2,1,1,95
h5,2,1,1,95
f3,2,1,1,95
f4,2,0,2,95
h5,0,0,0,96
h3,0,0,0,96
f4,0,0,0,96
f5,0,0,0,96
f1,0,0,0,96
h3,0,0,0,96
h4,0,0,0,96
h2,1,0,1,96
f2,1,1,0,96
h5,0,0,0,97
f1,2,1,1,97
h1,2,1,1,97
f4,1,0,1,97
f4,3,0,3,97
f1,4,2,2,97
h5,0,0,0,98
f2,0,0,0,98
h3,1,1,0,98
f3,0,0,0,98
f3,2,2,0,98
h1,4,0,4,98
f1,4,2,2,98
f4,0,0,0,99
h5,0,0,0,99
f5,0,0,0,99
f4,3,2,1,99
h5,2,2,0,99
h1,1,0,1,99
h5,2,2,0,99
h2,1,1,0,99
f1,2,2,0,99
f2,0,0,0,100
h5,0,0,0,100
f3,2,1,1,100
f1,1,0,1,100
f2,4,4,0,100
f4,4,1,3,100
h5,4,4,0,100
h3,5,3,2,100
h2,0,0,0,101
f2,0,0,0,101
h3,0,0,0,101
f5,1,0,1,101
h5,2,2,0,101
f1,3,1,2,101
f1,3,1,2,101
h3,4,2,2,101
h5,6,5,1,101
h4,2,1,1,102
f3,2,0,2,102
h4,4,3,1,102
h5,4,3,1,102
h5,4,3,1,102
h1,3,1,2,102
f1,2,2,0,103
h1,1,1,0,103
h3,1,1,0,103
h3,0,0,0,103
f5,1,1,0,103
h1,1,0,1,103
h5,2,2,0,103
h3,3,3,0,103
f3,2,2,0,103
f4,2,1,1,103
f2,1,1,0,104
f2,1,1,0,104
f4,2,1,1,104
f3,3,2,1,104
f3,2,0,2,105
h2,2,1,1,105
h4,4,2,2,105
f2,3,2,1,105
h5,3,2,1,105
h2,3,2,1,105
h5,4,3,1,105
f1,5,3,2,105
h3,6,5,1,105
f4,4,3,1,106
f4,4,3,1,106
h3,4,4,0,106
h5,6,6,0,106
h5,6,6,0,106
h2,0,0,0,107
h5,1,1,0,107
f2,0,0,0,107
f1,4,2,2,107
f2,3,3,0,107
h3,4,3,1,107
f2,3,3,0,107
f2,0,0,0,108
f4,2,0,2,108
h2,2,2,0,108
f2,2,2,0,108
h3,2,1,1,108
h1,2,0,2,108
f4,4,2,2,108
f4,0,0,0,109
h1,1,0,1,109
h4,2,2,0,109
h1,2,1,1,109
f2,1,1,0,109
f4,1,1,0,109
f1,0,0,0,109
h4,0,0,0,109
h2,2,2,0,109
f1,2,1,1,109
h3,0,0,0,110
f1,0,0,0,110
h3,0,0,0,110
h3,2,1,1,110
h5,4,4,0,110
f3,6,6,0,110
h4,6,5,1,110
h4,6,5,1,110
h1,0,0,0,111
f4,2,0,2,111
h2,1,1,0,111
f4,2,0,2,111
f1,2,1,1,111
f1,3,2,1,111
f1,5,4,1,111
f2,0,0,0,112
h3,1,1,0,112
h3,1,1,0,112
f2,1,1,0,112
f4,2,1,1,112
h3,2,2,0,112
f4,2,1,1,112
h5,4,4,0,112
f5,4,3,1,112
f2,1,1,0,113
f4,3,3,0,113
f2,2,2,0,113
h5,4,4,0,113
h5,4,4,0,113
h5,4,4,0,113
h2,4,3,1,113
h5,4,4,0,113
h3,3,3,0,113
f2,0,0,0,114
f3,2,2,0,114
f3,3,2,1,114
f5,5,3,2,114
f1,5,3,2,114
f3,5,4,1,114
h1,6,2,4,114
f2,6,6,0,114
f1,0,0,0,115
f2,0,0,0,115
f5,1,0,1,115
h2,2,2,0,115
h3,1,1,0,115
f4,2,1,1,115
h2,2,1,1,115
h5,3,2,1,115
f2,3,3,0,116
f4,1,1,0,116
f3,2,2,0,116
h5,3,3,0,116
h2,4,3,1,116
h5,3,3,0,116
f5,2,1,1,116
f4,3,3,0,116
h5,3,3,0,116
h1,0,0,0,117
f1,0,0,0,117
h4,1,1,0,117
h1,4,1,3,117
h5,4,4,0,117
h5,4,4,0,117
f3,4,4,0,117
f2,0,0,0,118
h1,3,0,3,118
h1,3,0,3,118
h2,4,3,1,118
f3,2,1,1,118
h4,3,2,1,118
h5,2,1,1,118
h5,0,0,0,119
f1,0,0,0,119
h1,1,0,1,119
f3,2,0,2,119
h1,3,1,2,119
f5,4,1,3,119
f4,4,2,2,119
f1,0,0,0,120
h1,1,0,1,120
f1,1,0,1,120
f4,2,2,0,120
f3,2,1,1,120
f1,1,0,1,120
f1,1,0,1,120
f2,2,2,0,120
f2,2,2,0,120
h3,0,0,0,121
f4,1,1,0,121
f5,1,0,1,121
h1,1,0,1,121
f1,1,0,1,121
f4,2,2,0,121
f2,4,4,0,121
f3,3,3,0,121
h3,4,4,0,121
h1,5,2,3,121
f3,1,0,1,122
f4,1,0,1,122
f4,6,4,2,122
f2,4,4,0,123
f4,4,3,1,123
h5,4,4,0,123
h3,4,3,1,123
h2,5,4,1,123
f5,4,3,1,123
h5,6,6,0,123
h5,6,6,0,123
h5,1,1,0,124
h4,5,4,1,124
h5,5,5,0,124
f5,4,2,2,124
f4,4,2,2,124
h5,5,5,0,124
f2,5,5,0,124
h3,5,4,1,124
f3,5,4,1,124
h1,0,0,0,126
h3,0,0,0,126
h5,1,1,0,126
h4,1,1,0,126
f1,3,2,1,126
f4,3,2,1,126
f1,3,2,1,126
f3,4,3,1,126
h4,4,4,0,126
h5,0,0,0,127
h5,0,0,0,127
f3,1,0,1,127
h4,1,1,0,127
h2,4,3,1,127
f3,7,5,2,127
h5,8,7,1,127
h5,1,1,0,128
h1,3,1,2,128
h2,3,2,1,128
f2,3,3,0,128
h5,4,4,0,128
h1,4,2,2,128
f3,4,3,1,128
f2,0,0,0,129
h3,0,0,0,129
h2,2,1,1,129
f4,2,0,2,129
f5,3,2,1,129
h3,3,2,1,129
f2,3,2,1,129
h3,4,4,0,130
f4,3,1,2,130
h1,0,0,0,131
h1,2,2,0,131
f2,1,1,0,131
h5,3,3,0,131
h1,4,3,1,131
h2,4,2,2,131
f3,4,3,1,131
h3,0,0,0,132
h4,0,0,0,132
h3,2,2,0,132
f3,1,1,0,132
h1,4,1,3,132
h5,4,4,0,132
f1,4,2,2,132
f1,5,2,3,132
f1,4,1,3,132
f5,3,1,2,132
h3,1,1,0,133
h5,2,2,0,133
h5,3,2,1,133
h5,3,2,1,133
f4,2,0,2,133
f2,2,1,1,133
f2,1,0,1,133
h1,2,0,2,133
f2,2,1,1,133
h1,0,0,0,134
f4,0,0,0,134
h4,2,2,0,134
h3,5,4,1,134
f2,4,4,0,134
f3,0,0,0,135
f1,1,1,0,135
h3,1,0,1,135
f4,1,1,0,135
h5,0,0,0,135
h3,1,0,1,135
h3,2,1,1,135
h5,3,2,1,135
h5,4,3,1,135
h3,4,3,1,135
f1,1,0,1,136
h2,3,2,1,136
f2,2,2,0,136
f4,2,1,1,136
h1,3,1,2,136
f1,2,1,1,136
f2,2,2,0,136
h2,1,1,0,136
h2,1,1,0,136
f3,0,0,0,137
h5,0,0,0,137
h1,0,0,0,137
f2,0,0,0,137
f3,0,0,0,137
f1,0,0,0,137
h5,2,2,0,137
f2,2,2,0,137
f5,4,2,2,137
h3,4,4,0,138
h2,4,2,2,138
h2,3,1,2,138
f4,3,2,1,138
h1,4,1,3,138
f1,3,1,2,138
h3,3,3,0,138
f4,2,2,0,138
f4,0,0,0,139
h1,1,0,1,139
h1,1,0,1,139
h2,4,4,0,139
f2,3,3,0,139
h4,4,4,0,139
f2,3,3,0,139
h3,3,3,0,139
f4,3,3,0,139
h5,3,3,0,139
h1,2,0,2,140
h5,2,2,0,140
h3,3,2,1,140
h5,2,2,0,141
h1,2,0,2,141
h2,2,2,0,141
f2,2,2,0,141
h2,3,3,0,141
h5,3,3,0,141
h1,0,0,0,142
f5,0,0,0,142
h1,0,0,0,142
h4,2,2,0,142
f1,2,2,0,142
f2,2,2,0,142
f3,3,2,1,142
f2,2,2,0,142
f2,1,1,0,142
h3,1,1,0,142
f4,1,1,0,143
h5,1,1,0,143
f1,0,0,0,143
h1,3,1,2,143
h5,3,3,0,143
f3,2,1,1,143
h1,3,1,2,143
f2,3,3,0,143
h3,0,0,0,144
f3,0,0,0,144
f4,2,2,0,144
f3,4,3,1,144
h1,5,0,5,144
f5,4,3,1,144
f1,0,0,0,145
f4,2,1,1,145
h3,2,2,0,145
h4,2,1,1,145
f5,2,2,0,145
h3,3,2,1,145
f2,2,2,0,145
h1,0,0,0,146
h2,0,0,0,146
f4,0,0,0,146
h2,0,0,0,146
f2,0,0,0,146
f3,0,0,0,146
f4,1,1,0,146
f4,1,1,0,146
f5,1,1,0,146
h1,0,0,0,147
h1,0,0,0,147
h1,3,0,3,147
h5,3,3,0,147
f4,5,3,2,147
h1,4,0,4,147
h1,4,0,4,147
h3,0,0,0,148
h5,2,2,0,148
f2,2,2,0,148
f4,2,2,0,148
f1,1,0,1,148
f4,1,1,0,148
f4,0,0,0,148
f4,1,1,0,148
f3,3,2,1,148
f1,1,1,0,149
f2,2,2,0,149
h1,3,0,3,149
h5,3,3,0,149
f1,3,2,1,149
f4,4,2,2,149
h5,6,6,0,149
h3,4,4,0,149
f4,5,3,2,149
f4,0,0,0,150
f2,2,2,0,150
h4,1,1,0,150
f4,1,1,0,150
h5,1,1,0,150
h1,1,0,1,150
h1,1,0,1,150
h3,1,1,0,150
f2,2,2,0,150
f3,1,0,1,151
f4,1,0,1,151
h5,1,0,1,151
f4,2,1,1,151
f3,2,0,2,151
f3,2,0,2,151
f4,3,0,3,151
h4,5,3,2,151
h2,1,1,0,152
f2,1,1,0,152
h3,0,0,0,152
f3,0,0,0,152
h2,2,2,0,152
f1,4,3,1,152
h2,4,4,0,152
h5,4,4,0,152
h3,3,2,1,152
h2,0,0,0,153
f4,1,1,0,153
f4,2,2,0,153
f2,2,2,0,153
h4,3,3,0,153
h5,3,3,0,153
h1,3,0,3,153
h2,3,3,0,153
f4,1,1,0,154
f2,2,2,0,154
h1,3,0,3,154
f4,3,2,1,154
h3,3,3,0,154
f1,4,3,1,154
f4,4,3,1,154
h5,3,2,1,155
f5,4,3,1,155
h3,0,0,0,156
h5,0,0,0,156
h1,1,0,1,156
h1,1,0,1,156
f2,5,4,1,156
h4,6,5,1,156
h5,7,6,1,156
h1,0,0,0,157
f4,2,1,1,157
h5,1,1,0,157
h1,1,0,1,157
h1,1,0,1,157
h1,2,0,2,157
h2,2,1,1,157
h5,2,2,0,157
h3,0,0,0,158
h5,1,1,0,158
h5,0,0,0,158
f5,0,0,0,158
h1,0,0,0,158
h1,0,0,0,158
f1,2,1,1,158
h1,5,1,4,158
h1,0,0,0,159
h2,4,3,1,159
h5,3,3,0,159
f4,3,3,0,159
h5,4,4,0,159
h5,4,4,0,159
f1,3,1,2,160
f4,2,2,0,160
h3,2,2,0,160
h1,4,0,4,160
f1,4,2,2,160
f4,3,2,1,160
f4,4,2,2,160
f2,0,0,0,161
h3,0,0,0,161
f2,1,1,0,161
f4,2,2,0,161
f2,2,2,0,161
h4,3,3,0,161
h3,0,0,0,162
f2,0,0,0,162
h3,1,1,0,162
h3,1,1,0,162
h3,0,0,0,162
h2,4,2,2,162
h1,4,0,4,162
f2,0,0,0,163
f5,2,0,2,163
h3,3,3,0,163
h5,4,4,0,163
f4,4,3,1,163
h5,4,4,0,163
h5,3,3,0,163
h3,1,1,0,163
f3,1,1,0,163
h4,3,3,0,163
f1,0,0,0,164
h2,0,0,0,164
f2,0,0,0,164
f1,1,1,0,164
h5,1,1,0,164
f2,2,2,0,164
h5,3,3,0,164
h3,3,3,0,164
f3,0,0,0,165
f4,0,0,0,165
f4,0,0,0,165
f5,1,1,0,165
h1,0,0,0,165
f1,3,2,1,165
f1,2,1,1,165
f4,2,1,1,165
h1,2,0,2,166
f2,3,2,1,166
f4,4,3,1,166
h1,3,0,3,166
f4,5,4,1,166
h5,4,3,1,166
h1,3,0,3,166
f2,3,2,1,166
f2,2,1,1,166
h2,1,1,0,167
h1,2,0,2,167
f5,2,1,1,167
h3,1,1,0,167
h3,3,1,2,167
h1,4,0,4,167
h5,5,4,1,167
f1,2,2,0,168
h1,4,1,3,168
f3,4,4,0,168
h5,3,3,0,168
f3,4,4,0,168
f4,4,4,0,168
h5,3,3,0,168
h2,2,1,1,168
f2,2,2,0,168
h1,0,0,0,169
h5,0,0,0,169
f3,1,1,0,169
h5,0,0,0,169
h1,1,0,1,169
h2,1,1,0,169
f1,1,1,0,169
h1,1,0,1,169
h1,1,0,1,169
f1,0,0,0,170
f1,0,0,0,170
h3,0,0,0,170
h3,1,1,0,170
h5,3,3,0,170
f3,4,3,1,170
f3,4,3,1,170
h5,6,5,1,170
f2,1,1,0,171
h4,3,3,0,171
h3,4,2,2,171
h1,4,0,4,171
f2,5,4,1,171
h3,5,3,2,171
h1,6,0,6,171
f4,6,4,2,171
f2,6,5,1,171
h3,6,4,2,171
h3,0,0,0,172
h4,0,0,0,172
f4,0,0,0,172
h3,0,0,0,172
f4,0,0,0,172
f4,0,0,0,172
h5,1,1,0,173
h4,1,0,1,173
h1,2,0,2,173
h5,2,2,0,173
h5,4,4,0,173
f1,2,2,0,173
h3,3,3,0,173
h2,2,1,1,173
h5,2,2,0,173
h3,3,3,0,174
f1,3,2,1,174
h3,3,3,0,174
h5,4,4,0,174
f2,3,3,0,174
h5,4,4,0,174
h5,1,0,1,175
h5,1,0,1,175
h3,1,0,1,175
h1,1,0,1,175
f4,2,1,1,175
f4,2,1,1,175
h2,3,2,1,175
f1,2,1,1,175
h1,5,0,5,176
h3,2,1,1,177
f1,1,1,0,177
f4,1,1,0,177
h2,3,2,1,177
f2,3,2,1,177
f4,3,2,1,177
h5,2,1,1,177
f3,0,0,0,178
h5,0,0,0,178
f2,1,1,0,178
f4,1,1,0,178
h5,2,2,0,178
h5,2,2,0,178
h4,2,2,0,178
f5,2,1,1,178
h1,0,0,0,179
f3,0,0,0,179
h5,1,1,0,179
f2,1,1,0,179
f3,2,2,0,179
h3,4,4,0,179
h5,3,3,0,179
f1,0,0,0,180
h3,0,0,0,180
h1,0,0,0,180
h2,0,0,0,180
h3,0,0,0,180
f4,0,0,0,180
f4,1,1,0,180
f5,1,0,1,180
h2,2,2,0,180
f4,2,1,1,180
h3,3,3,0,181
f4,1,0,1,181
f3,2,1,1,181
h5,2,2,0,181
h3,3,2,1,181
h1,0,0,0,182
f2,0,0,0,182
h3,1,1,0,182
f4,1,1,0,182
f4,1,0,1,182
f5,2,1,1,182
h2,4,2,2,182
f1,6,4,2,182
f2,5,4,1,182
f4,4,2,2,182
h2,0,0,0,183
h2,0,0,0,183
h5,0,0,0,183
h3,0,0,0,183
h1,1,0,1,183
f4,1,1,0,183
f4,1,1,0,183
h5,2,2,0,183
h5,1,1,0,184
h5,1,1,0,184
h1,1,0,1,184
f2,1,1,0,184
f2,2,2,0,184
h5,4,4,0,184
f2,3,3,0,184
f2,0,0,0,185
f3,2,1,1,185
h1,2,0,2,185
f4,2,1,1,185
f2,5,4,1,185
f3,4,3,1,185
f4,4,2,2,185
h5,3,2,1,185
f4,4,2,2,185
f3,2,1,1,186
f4,2,1,1,186
f2,2,2,0,186
h5,3,3,0,186
f5,3,3,0,186
h1,3,0,3,186
f2,3,3,0,186
f2,0,0,0,187
f2,0,0,0,187
f5,1,1,0,187
h5,2,2,0,187
h2,0,0,0,187
h3,1,1,0,187
f5,3,2,1,187
h3,0,0,0,188
h3,4,4,0,188
f4,3,3,0,188
h5,4,4,0,188
f1,5,3,2,188
f2,4,3,1,188
f3,3,2,1,188
f3,2,1,1,188
f3,1,0,1,188
f2,0,0,0,189
h3,0,0,0,189
h5,2,2,0,189
f4,4,2,2,189
h2,4,1,3,189
f4,3,1,2,189
h3,5,3,2,189
f2,0,0,0,190
f1,2,1,1,190
f3,2,2,0,190
f5,2,2,0,190
h2,2,1,1,190
f2,3,3,0,190
f4,2,1,1,190
h2,2,1,1,190
f4,1,0,1,190
f4,0,0,0,191
h1,3,0,3,191
f3,4,2,2,191
f4,1,1,0,192
h5,0,0,0,192
h1,1,0,1,192
h2,1,1,0,192
f3,1,1,0,192
h1,2,0,2,192
f3,2,2,0,192
h4,2,2,0,192
f4,2,2,0,192
h2,0,0,0,193
h3,0,0,0,193
h1,0,0,0,193
f3,1,1,0,193
h5,1,1,0,193
h4,2,2,0,193
h3,1,0,1,193
h5,3,3,0,193
f3,2,2,0,193
h3,3,2,1,193
h3,0,0,0,194
f3,0,0,0,194
h3,1,1,0,194
f3,1,1,0,194
f4,0,0,0,194
h5,1,1,0,194
f5,1,1,0,194
h1,0,0,0,194
h3,1,1,0,195
f4,1,0,1,195
h5,2,2,0,195
h1,2,0,2,195
f3,2,2,0,195
h3,1,1,0,195
h5,1,1,0,195
f2,1,1,0,195
h2,3,2,1,195
f4,2,2,0,195
h1,0,0,0,196
h2,1,1,0,196
f1,3,2,1,196
h3,2,1,1,196
h5,5,5,0,196
h4,4,3,1,196
f4,4,3,1,196
h5,4,4,0,196
h5,0,0,0,197
f2,0,0,0,197
f1,1,1,0,197
f4,2,1,1,197
h2,1,1,0,197
f2,1,1,0,197
h2,1,1,0,197
f4,2,2,0,197
h5,3,3,0,197
f4,3,3,0,197
h1,0,0,0,198
h4,0,0,0,198
f3,1,0,1,198
f3,1,0,1,198
f1,1,1,0,198
h3,2,2,0,198
f3,5,4,1,198
f4,5,4,1,198
f1,5,4,1,198
f1,0,0,0,199
h3,1,1,0,199
h5,1,1,0,199
f5,2,2,0,199
f3,2,1,1,199
h4,2,1,1,199
f4,1,1,0,200
h5,0,0,0,200
h5,0,0,0,200
h5,1,1,0,200
f4,1,0,1,200
f5,1,1,0,200
f5,1,1,0,200
h3,1,1,0,200
f3,1,1,0,200
f4,0,0,0,201
f2,4,3,1,201
f2,5,4,1,201
f2,5,4,1,201
h2,5,3,2,201
h5,5,4,1,201
f3,5,3,2,201
f4,3,1,2,201
h2,3,1,2,201
h4,4,3,1,201
h3,2,2,0,202
h2,1,1,0,202
h3,0,0,0,202
f4,1,1,0,202
f4,3,1,2,202
f1,0,0,0,203
f4,0,0,0,203
h5,1,1,0,203
h2,1,0,1,203
f2,1,1,0,203
h3,0,0,0,203
h5,2,2,0,203
h1,4,0,4,203
h1,4,0,4,203
f2,4,4,0,203
h5,0,0,0,204
f4,1,1,0,204
h5,2,2,0,204
h1,2,0,2,204
f4,1,0,1,204
h1,2,0,2,204
h3,3,3,0,204
h5,3,3,0,204
h4,4,4,0,204
f2,2,1,1,205
h1,1,0,1,205
h1,1,0,1,205
f4,2,0,2,205
h1,2,0,2,205
h5,3,2,1,205
h2,3,2,1,205
f4,4,1,3,205
h2,0,0,0,206
f4,0,0,0,206
f4,0,0,0,206
f4,0,0,0,206
h5,1,1,0,206
f5,2,1,1,206
f5,2,1,1,206
h1,1,0,1,206
h1,1,0,1,206
f3,3,3,0,206
f3,0,0,0,207
f3,0,0,0,207
h1,0,0,0,207
f5,1,0,1,207
h1,2,0,2,207
f4,2,1,1,207
f2,2,2,0,207
f4,2,1,1,207
f1,0,0,0,208
f4,0,0,0,208
h5,0,0,0,208
h1,0,0,0,208
f1,0,0,0,208
f2,0,0,0,208
h3,0,0,0,208
f2,2,2,0,208
h3,4,4,0,208
f3,5,4,1,208
h3,1,1,0,209
h3,1,1,0,209
f4,1,1,0,209
h5,0,0,0,209
h2,1,1,0,209
h5,3,3,0,209
f2,2,2,0,209
h1,5,0,5,209
h3,0,0,0,210
h3,0,0,0,210
f2,0,0,0,210
h2,2,1,1,210
f1,2,1,1,210
f4,2,1,1,210
f4,4,3,1,210
f5,3,3,0,210
h3,5,4,1,210
h1,2,0,2,211
h1,2,0,2,211
h2,2,2,0,211
h2,3,2,1,211
f1,0,0,0,212
h3,1,1,0,212
h3,3,3,0,212
f5,4,3,1,212
h5,5,5,0,212
f4,4,2,2,212
h5,1,1,0,213
h5,1,1,0,213
h4,2,2,0,213
h5,2,2,0,213
h5,1,1,0,213
h4,0,0,0,213
f4,0,0,0,213
h1,1,0,1,213
h4,2,2,0,213
h5,2,2,0,213
h3,0,0,0,214
h3,0,0,0,214
f4,1,1,0,214
h5,1,1,0,214
h1,0,0,0,214
h3,0,0,0,214
h2,0,0,0,214
f4,0,0,0,214
f3,0,0,0,215
h4,1,1,0,215
h5,1,1,0,215
f2,1,1,0,215
h2,1,1,0,215
h1,3,0,3,215
h2,3,2,1,215
f1,4,4,0,215
h3,3,3,0,215
f4,3,2,1,215
f1,1,1,0,216
f4,1,1,0,216
h2,5,3,2,216
h3,1,1,0,217
h4,0,0,0,217
h1,0,0,0,217
h1,0,0,0,217
f1,0,0,0,217
h1,1,0,1,217
h3,1,1,0,217
f5,1,1,0,217
f1,1,1,0,217
f1,3,2,1,217
h5,0,0,0,218
f3,2,1,1,218
f1,2,2,0,218
h1,3,0,3,218
h5,4,4,0,218
f5,3,2,1,218
h3,4,3,1,218
h5,4,4,0,218
h5,1,1,0,219
h2,0,0,0,219
h3,5,4,1,219
f4,4,2,2,219
h4,5,3,2,219
h5,4,3,1,219
f4,4,2,2,219
h1,0,0,0,220
f3,0,0,0,220
f2,1,1,0,220
h5,1,1,0,220
f3,0,0,0,220
h4,3,3,0,220
h5,4,3,1,220
h5,4,3,1,220
f2,0,0,0,221
f2,0,0,0,221
f2,0,0,0,221
f4,1,1,0,221
h5,2,2,0,221
f4,1,1,0,221
f5,2,2,0,221
f2,1,1,0,222
h3,1,1,0,222
h3,0,0,0,222
h4,2,2,0,222
f1,1,0,1,222
h3,4,3,1,222
f1,3,2,1,222
h5,4,4,0,222
h3,4,3,1,222
h5,4,4,0,223
h5,4,4,0,223
f2,3,3,0,223
h5,4,4,0,223
f4,3,2,1,223
f4,3,2,1,223
h2,3,3,0,223
h1,4,0,4,223
h3,4,4,0,223
f4,4,2,2,223
h3,1,1,0,224
h4,1,0,1,224
h1,2,0,2,224
h4,4,2,2,224
h3,5,3,2,224
h4,4,2,2,224
f2,6,5,1,224
h5,6,5,1,224
h1,1,0,1,225
h2,3,2,1,225
h4,5,5,0,225
f5,5,3,2,225
h2,5,4,1,225
h2,5,4,1,225
h3,7,6,1,225
f4,0,0,0,226
h1,0,0,0,226
h2,3,2,1,226
h3,2,2,0,226
h3,3,3,0,226
f3,2,2,0,226
h1,2,0,2,226
h4,3,3,0,226
h1,0,0,0,227
h1,0,0,0,227
f4,3,2,1,227
f2,3,3,0,227
h3,2,2,0,227
h3,1,1,0,227
h1,0,0,0,227
h3,3,3,0,227
h1,3,0,3,227
f3,1,1,0,228
h1,2,0,2,228
h1,2,0,2,228
h3,2,2,0,228
h5,1,1,0,228
f2,0,0,0,228
f2,1,1,0,228
h1,3,0,3,229
h5,4,4,0,229
f4,5,3,2,229
h1,5,0,5,229
f4,1,1,0,230
h3,1,1,0,230
f5,1,1,0,230
f2,1,1,0,230
h5,3,3,0,230
h5,3,3,0,230
h5,3,3,0,230
h2,1,1,0,230
h2,0,0,0,230
h5,1,1,0,231
f3,3,2,1,231
h4,2,2,0,231
h5,3,3,0,231
f5,3,3,0,231
h2,2,1,1,231
h1,2,0,2,231
h3,2,2,0,231
f1,0,0,0,232
h4,0,0,0,232
f2,0,0,0,232
h3,0,0,0,232
h5,1,1,0,232
h1,2,0,2,232
h2,6,4,2,232
h3,5,4,1,232
h3,5,4,1,232
h5,0,0,0,233
f1,1,1,0,233
h2,1,1,0,233
f4,2,2,0,233
h2,3,2,1,233
f1,4,3,1,233
f2,3,3,0,233
f3,4,3,1,233
f4,2,1,1,233
f2,2,1,1,234
h3,2,1,1,234
h3,4,3,1,234
f4,5,3,2,234
f2,4,3,1,234
h3,5,3,2,234
f3,6,5,1,234
h3,5,3,2,234
f5,1,1,0,235
h1,1,0,1,235
h4,2,2,0,235
f1,2,1,1,235
f3,2,1,1,235
f4,1,0,1,235
h3,3,2,1,236
h1,4,0,4,236
h4,6,4,2,236
h1,6,0,6,236
h5,6,5,1,236
h5,6,5,1,236
h1,5,0,5,236
f1,6,5,1,236
f2,0,0,0,237
h4,0,0,0,237
h1,1,0,1,237
f1,1,1,0,237
h3,0,0,0,237
h5,0,0,0,237
h1,0,0,0,237
h3,1,1,0,237
f2,0,0,0,237
h5,2,2,0,238
h1,2,0,2,238
h5,3,3,0,238
f1,3,2,1,238
h3,3,3,0,238
h4,3,3,0,238
h5,3,3,0,238
h5,3,3,0,238
f5,3,2,1,238
h3,0,0,0,239
f1,0,0,0,239
h3,0,0,0,239
f3,0,0,0,239
h5,0,0,0,239
h1,2,0,2,239
h5,3,2,1,239
h3,0,0,0,240
f1,1,1,0,240
f3,1,1,0,240
h3,1,1,0,240
h5,0,0,0,240
f5,0,0,0,240
h4,0,0,0,240
h5,0,0,0,241
h1,1,0,1,241
f1,1,1,0,241
h4,1,1,0,241
h2,1,1,0,241
h5,1,1,0,241
h1,4,0,4,241
f4,3,2,1,241
f2,0,0,0,242
f2,0,0,0,242
h1,0,0,0,242
h5,2,2,0,242
h5,2,2,0,242
h4,2,2,0,242
h2,3,2,1,242
f1,3,3,0,242
f1,0,0,0,243
f4,0,0,0,243
f2,0,0,0,243
h5,1,1,0,243
f2,0,0,0,243
f4,2,2,0,243
f4,2,2,0,243
f2,2,2,0,243
h4,1,1,0,244
h5,2,2,0,244
h5,2,2,0,244
h5,1,1,0,244
f3,3,1,2,244
h5,4,3,1,244
f4,4,2,2,244
h5,4,3,1,244
h2,1,1,0,245
f2,1,1,0,245
h1,1,0,1,245
h5,2,2,0,245
h3,2,2,0,245
h5,3,3,0,245
f4,4,3,1,245
f5,4,3,1,245
f2,3,3,0,245
f4,4,1,3,246
h4,5,3,2,246
h1,4,0,4,246
h2,4,3,1,246
f5,5,3,2,246
h3,4,3,1,246
h5,4,3,1,246
h1,0,0,0,247
f2,0,0,0,247
h3,0,0,0,247
f3,0,0,0,247
h5,0,0,0,247
f4,1,1,0,247
f1,1,1,0,247
f2,0,0,0,247
h2,0,0,0,248
h3,1,1,0,248
h1,1,0,1,248
f2,1,1,0,248
f3,1,1,0,248
f2,1,1,0,248
h3,1,1,0,248
f5,2,1,1,248
h2,0,0,0,249
f3,1,1,0,249
h2,1,1,0,249
f2,0,0,0,249
f2,3,3,0,249
h3,3,2,1,249
h5,3,3,0,249
f4,0,0,0,250
f1,1,0,1,250
f4,2,1,1,250
h3,3,3,0,250
f3,3,2,1,250
h1,3,0,3,250
f2,2,2,0,250
f3,3,2,1,250
h5,2,2,0,250
h5,2,2,0,250
f2,1,1,0,251
f2,1,1,0,251
h4,2,2,0,251
f2,2,2,0,251
h5,4,4,0,251
f4,3,1,2,251
h1,2,0,2,251
f4,1,1,0,252
f1,1,1,0,252
h3,1,1,0,252
h4,1,1,0,252
h5,1,1,0,252
h3,2,2,0,252
h5,3,3,0,252
h1,3,0,3,252
h4,4,3,1,252
f1,0,0,0,253
h3,0,0,0,253
f3,1,1,0,253
h5,3,3,0,253
h3,3,3,0,253
h3,3,3,0,253
h5,5,5,0,253
f2,0,0,0,254
h5,4,4,0,254
h5,5,5,0,254
f4,5,3,2,254
f1,6,4,2,254
f4,5,3,2,254
f1,5,3,2,254
f1,4,2,2,254
h3,5,3,2,254
h1,4,0,4,254
h3,0,0,0,255
h1,3,0,3,255
h5,4,4,0,255
h5,4,4,0,255
f3,5,4,1,255
h5,6,6,0,255
h5,6,6,0,255
h3,4,3,1,255
h4,4,4,0,255
h5,4,4,0,255
h3,0,0,0,256
f1,1,1,0,256
f2,1,1,0,256
h2,1,1,0,256
f1,1,1,0,256
h3,2,2,0,256
h1,3,0,3,256
h3,0,0,0,257
h5,1,1,0,257
h3,4,3,1,257
f4,5,4,1,257
h2,5,5,0,257
f2,4,4,0,257
f4,6,5,1,257
f5,4,2,2,257
h2,0,0,0,258
f2,0,0,0,258
h5,1,1,0,258
h5,1,1,0,258
h2,1,1,0,258
f2,0,0,0,258
h5,0,0,0,258
h3,2,1,1,258
h4,1,1,0,258
h5,0,0,0,259
f4,4,3,1,259
f4,3,2,1,259
f1,2,2,0,259
h5,2,2,0,259
h2,3,3,0,259
f4,2,2,0,259
f1,1,1,0,259
h2,3,3,0,260
h2,3,3,0,260
h5,3,3,0,260
h1,2,0,2,260
h3,2,2,0,260
f3,1,0,1,260
f2,2,2,0,260
f2,2,2,0,260
f2,0,0,0,261
f3,0,0,0,261
f3,0,0,0,261
h5,0,0,0,261
f2,2,2,0,261
h3,1,1,0,261
h5,0,0,0,261
h3,2,1,1,261
f5,2,2,0,261
f5,3,3,0,261
f5,0,0,0,262
h3,3,3,0,262
f2,3,3,0,262
h3,3,3,0,262
f4,2,0,2,262
f2,2,2,0,262
h5,2,2,0,262
f2,0,0,0,263
f3,3,2,1,263
h5,3,3,0,263
h1,2,0,2,263
f2,1,1,0,263
h5,3,3,0,263
h2,3,3,0,263
f2,2,2,0,263
f2,1,1,0,263
h3,4,2,2,263
h1,1,0,1,264
h1,2,0,2,264
f2,2,2,0,264
f4,3,3,0,264
f1,3,3,0,264
f2,3,3,0,264
f2,3,3,0,264
h3,1,1,0,265
h5,1,1,0,265
h1,1,0,1,265
h2,1,1,0,265
h2,2,2,0,265
h5,2,2,0,265
h5,3,2,1,265
h2,2,1,1,265
f3,2,1,1,265
f4,1,0,1,266
h5,2,2,0,266
f4,2,1,1,266
f4,1,1,0,267
h4,3,3,0,267
f1,3,2,1,267
f1,3,2,1,267
f1,3,2,1,267
h2,3,2,1,267
h5,2,2,0,267
h1,0,0,0,268
f3,1,0,1,268
f3,2,1,1,268
f3,3,2,1,268
h5,3,3,0,268
f1,1,1,0,268
h4,2,2,0,268
h5,2,2,0,268
f2,2,2,0,268
h3,0,0,0,269
f2,3,2,1,269
f4,4,3,1,269
f2,4,3,1,269
h3,5,3,2,269
f3,5,4,1,269
h3,5,3,2,269
f3,5,4,1,269
h5,5,4,1,269
f3,0,0,0,270
h5,1,1,0,270
h1,1,0,1,270
f3,2,2,0,270
f1,3,2,1,270
f1,3,2,1,270
h1,1,0,1,271
f2,1,1,0,271
h3,0,0,0,271
f3,0,0,0,271
h4,0,0,0,271
f4,0,0,0,271
f1,0,0,0,271
f5,6,4,2,271
h3,1,1,0,272
h5,0,0,0,272
f1,2,2,0,272
f4,3,3,0,272
f4,3,3,0,272
f3,4,4,0,272
h2,5,4,1,272
h3,4,3,1,272
f2,2,1,1,273
h5,3,2,1,273
h1,1,0,1,273
f5,5,3,2,273
f4,4,2,2,273
f1,0,0,0,274
f4,1,1,0,274
f4,1,1,0,274
h5,1,1,0,274
f2,0,0,0,274
f2,2,2,0,274
h5,3,3,0,274
f4,3,2,1,274
f3,0,0,0,275
h1,0,0,0,275
f1,0,0,0,275
h1,0,0,0,275
f1,2,2,0,275
h3,5,5,0,275
f5,1,1,0,276
h1,1,0,1,276
f3,1,1,0,276
h5,2,2,0,276
f3,3,2,1,276
h5,3,3,0,276
h1,0,0,0,277
h1,0,0,0,277
f3,1,0,1,277
h5,4,3,1,277
h1,3,0,3,277
f1,3,2,1,277
h2,3,2,1,277
f5,3,2,1,277
f1,0,0,0,278
h1,1,0,1,278
h3,1,0,1,278
f1,3,3,0,278
f2,3,3,0,278
f4,3,3,0,278
f2,2,2,0,278
f4,2,2,0,278
f1,2,2,0,278
h3,1,1,0,279
h1,1,0,1,279
f5,1,1,0,279
h3,0,0,0,279
f3,3,1,2,279
h3,3,3,0,280
f4,3,1,2,280
h5,2,2,0,280
h3,3,2,1,280
f2,1,0,1,281
h2,2,1,1,281
h1,1,0,1,281
f4,4,3,1,281
f4,7,4,3,281
h4,7,5,2,281
h1,7,0,7,281
f2,8,7,1,281
h1,1,0,1,282
h4,1,1,0,282
h3,1,1,0,282
f2,2,2,0,282
f4,1,1,0,282
f1,1,0,1,282
f2,1,1,0,282
h5,2,2,0,283
f5,2,1,1,283
h1,1,0,1,283
h5,4,3,1,283
f1,4,2,2,283
f1,5,3,2,283
h3,6,5,1,283
f4,5,3,2,283
f2,5,4,1,283
h1,5,0,5,283
h5,0,0,0,284
h1,0,0,0,284
h4,0,0,0,284
h2,1,1,0,284
f2,1,1,0,284
h4,3,3,0,284
h3,0,0,0,285
f4,0,0,0,285
h4,1,1,0,285
f4,1,0,1,285
h3,2,2,0,285
h4,1,1,0,285
f4,2,1,1,285
f4,0,0,0,286
h1,1,0,1,286
f2,1,1,0,286
f1,1,1,0,286
f1,1,1,0,286
h3,1,1,0,286
f3,1,0,1,286
h1,3,0,3,286
h5,0,0,0,287
h2,0,0,0,287
f2,0,0,0,287
f4,0,0,0,287
f1,1,1,0,287
f3,1,1,0,287
h5,1,1,0,287
f5,1,0,1,287
h5,4,4,0,287
h3,1,1,0,288
f1,1,1,0,288
f3,3,2,1,288
h3,4,4,0,288
h1,5,0,5,288
f4,5,3,2,288
h1,5,0,5,288
f2,4,4,0,288
h4,5,4,1,288
f4,1,1,0,289
f4,1,1,0,289
h3,1,1,0,289
h3,0,0,0,289
f4,0,0,0,289
f1,1,0,1,289
h1,4,0,4,289
h1,0,0,0,290
h2,0,0,0,290
h3,1,1,0,290
h3,1,1,0,290
f1,2,2,0,290
h3,1,0,1,290
h2,0,0,0,291
f4,0,0,0,291
h3,0,0,0,291
h1,0,0,0,291
f2,1,1,0,291
h1,4,0,4,291
h3,3,2,1,291
h5,4,4,0,291
h5,3,3,0,291
f2,3,3,0,292
f4,2,1,1,292
f1,2,1,1,292
h1,1,0,1,292
h2,1,0,1,292
f4,0,0,0,292
h5,1,1,0,292
h3,1,1,0,293
f4,4,2,2,293
f2,3,3,0,293
f5,3,3,0,293
h5,4,4,0,293
f5,4,3,1,293
f4,3,0,3,293
h2,0,0,0,294
h3,0,0,0,294
f3,0,0,0,294
h5,0,0,0,294
h1,0,0,0,294
f1,0,0,0,294
f2,1,1,0,294
f1,4,3,1,294
h4,7,6,1,294
h1,0,0,0,295
f2,1,0,1,295
h2,2,1,1,295
h1,0,0,0,295
h1,2,0,2,295
h5,3,2,1,295
h1,2,0,2,296
f1,0,0,0,297
h5,2,2,0,297
f4,4,2,2,297
f4,4,2,2,297
f5,4,3,1,297
f2,4,4,0,297
h3,5,4,1,297
h5,5,5,0,297
f4,4,2,2,297
h1,0,0,0,298
f2,0,0,0,298
f2,0,0,0,298
h3,0,0,0,298
h5,1,1,0,298
f2,1,1,0,298
f1,0,0,0,298
h2,1,1,0,298
h5,1,1,0,298
h5,1,1,0,299
f5,0,0,0,299
h1,2,0,2,299
f3,1,1,0,299
h5,2,2,0,299
h5,4,4,0,299
f2,0,0,0,300
f2,0,0,0,300
f4,2,2,0,300
h3,2,2,0,300
f2,3,3,0,300
f2,3,3,0,300
h4,3,3,0,300
f5,3,3,0,300
f4,1,1,0,300
h5,2,2,0,300
h5,0,0,0,301
h5,0,0,0,301
h1,0,0,0,301
h3,0,0,0,301
h4,1,1,0,301
f5,1,1,0,301
h1,2,0,2,301
h1,2,0,2,301
f4,3,1,2,301
h1,1,0,1,302
f2,1,1,0,302
h5,3,2,1,302
h5,2,1,1,302
h2,2,1,1,302
f3,4,2,2,302
f1,4,2,2,302
f2,5,4,1,302
f3,4,2,2,303
h5,5,4,1,303
f5,4,2,2,303
h1,3,0,3,303
f3,3,1,2,303
f3,3,1,2,303
h4,4,2,2,303
h5,5,4,1,303
f3,4,2,2,303
f3,1,0,1,304
h5,2,2,0,304
h5,2,2,0,304
h3,3,3,0,304
h1,3,0,3,304
h1,3,0,3,304
h1,4,0,4,304
f2,4,4,0,304
f5,4,3,1,304
h2,0,0,0,305
f4,0,0,0,305
f1,1,1,0,305
f1,2,2,0,305
f2,2,2,0,305
f2,2,2,0,305
h1,3,0,3,305
h2,3,3,0,305
h1,0,0,0,306
h5,0,0,0,306
f3,0,0,0,306
h5,0,0,0,306
h5,2,2,0,306
f3,2,2,0,306
h5,0,0,0,307
h1,1,0,1,307
h2,1,1,0,307
h4,1,1,0,307
h5,1,1,0,307
h4,0,0,0,307
f2,0,0,0,307
f2,1,1,0,307
h3,2,2,0,307
f4,0,0,0,308
h1,0,0,0,308
h5,1,1,0,308
h4,1,1,0,308
h5,1,1,0,308
h2,2,1,1,308
h2,3,2,1,308
h5,4,4,0,308
f3,3,2,1,310
h3,2,2,0,310
h1,4,0,4,310
f2,4,4,0,310
f3,5,4,1,310
f4,5,4,1,310
h1,7,0,7,310
h1,0,0,0,311
f1,0,0,0,311
f4,1,1,0,311
f3,1,1,0,311
f5,2,1,1,311
f1,2,2,0,311
f2,1,1,0,311
f5,3,2,1,311
f1,3,2,1,311
f2,3,3,0,311
h5,0,0,0,312
h1,0,0,0,312
f3,0,0,0,312
f4,1,1,0,312
h3,3,3,0,312
h5,3,3,0,312
f3,3,3,0,312
f2,3,3,0,312
h5,0,0,0,313
h3,2,2,0,313
h3,3,2,1,313
h5,2,2,0,313
h1,3,0,3,313
h2,3,3,0,313
h4,4,4,0,313
f1,5,4,1,313
f1,5,4,1,313
h2,5,4,1,313
h1,1,0,1,314
h3,0,0,0,314
h1,2,0,2,314
h5,5,5,0,314
h1,5,0,5,314
f4,5,3,2,314
h3,5,4,1,314
f4,5,3,2,314
h1,0,0,0,315
h3,4,3,1,315
f1,4,3,1,315
f3,4,4,0,315
f4,5,3,2,315
f2,0,0,0,316
h5,1,1,0,316
h5,1,1,0,316
h1,1,0,1,316
h3,3,3,0,316
h3,4,4,0,316
f3,3,2,1,316
f4,3,2,1,316
f4,3,2,1,316
h1,0,0,0,317
f1,0,0,0,317
h4,2,1,1,317
h3,3,2,1,317
h1,3,0,3,317
f2,4,3,1,317
f3,3,2,1,317
h1,3,0,3,317
f4,4,3,1,317
h1,3,0,3,317
f3,2,1,1,318
h4,3,2,1,318
f1,3,2,1,318
f4,3,1,2,318
f4,5,2,3,318
f5,5,3,2,318
f5,4,2,2,318
h4,4,2,2,318
h3,2,1,1,318
h5,2,1,1,318
f4,1,1,0,319
h3,1,1,0,319
f4,2,2,0,319
f2,1,1,0,319
h3,2,2,0,319
h5,2,2,0,319
f5,2,1,1,319
h1,2,0,2,319
h4,2,2,0,319
f3,0,0,0,320
h5,0,0,0,320
h5,0,0,0,320
h2,0,0,0,320
h3,2,2,0,320
h5,2,2,0,320
h5,5,5,0,320
f5,6,5,1,320
h4,0,0,0,321
h4,0,0,0,321
h5,3,3,0,321
h2,3,2,1,321
h1,3,0,3,321
h1,4,0,4,321
f3,5,5,0,321
f5,5,3,2,321
h1,0,0,0,322
h1,1,0,1,322
h5,3,3,0,322
f4,3,2,1,322
f2,2,2,0,322
h4,3,2,1,322
f4,3,2,1,322
f4,3,2,1,322
f4,3,2,1,322
h5,4,4,0,322
h2,1,1,0,323
h5,3,2,1,323
f4,3,1,2,323
h1,3,0,3,323
f2,4,3,1,323
h2,4,2,2,323
h3,3,2,1,323
f2,5,4,1,323
h4,0,0,0,324
f3,0,0,0,324
h5,0,0,0,324
h3,1,1,0,324
h5,1,1,0,324
f3,0,0,0,324
h1,5,0,5,324
f1,5,5,0,324
f1,0,0,0,325
h5,1,1,0,325
f1,3,3,0,325
f1,3,3,0,325
f3,2,2,0,325
f5,1,0,1,325
f5,2,1,1,325
h5,5,5,0,325
f1,5,4,1,325
f1,0,0,0,326
f4,0,0,0,326
f1,0,0,0,326
f5,1,1,0,326
h1,4,0,4,326
f4,3,2,1,326
f2,3,3,0,326
f5,4,3,1,326
h5,4,4,0,326
h3,0,0,0,327
f3,0,0,0,327
f4,0,0,0,327
h5,0,0,0,327
h3,2,0,2,327
h3,3,1,2,327
f3,5,4,1,327
h5,5,4,1,327
f2,1,1,0,328
h3,1,1,0,328
f3,0,0,0,328
f5,2,1,1,328
h3,2,1,1,328
h5,5,5,0,328
h3,4,3,1,328
h5,5,5,0,328
h1,5,0,5,328
f1,2,1,1,329
h2,2,1,1,329
h5,3,2,1,329
f4,3,2,1,329
f1,3,2,1,329
h2,4,2,2,329
h1,4,0,4,329
h3,5,4,1,329
h3,0,0,0,330
f4,0,0,0,330
h5,0,0,0,330
h3,1,1,0,330
f2,3,2,1,330
f4,2,0,2,330
h1,3,0,3,330
h2,4,1,3,330
h4,6,4,2,330
h2,6,3,3,330
f3,1,0,1,331
h3,3,2,1,331
f3,5,3,2,331
h4,4,3,1,331
h5,5,4,1,331
f5,4,3,1,331
f2,0,0,0,332
f3,0,0,0,332
f2,1,1,0,332
f2,1,1,0,332
f4,1,1,0,332
f3,1,1,0,332
h5,1,1,0,332
f4,0,0,0,333
h5,1,1,0,333
h5,3,3,0,333
h1,4,0,4,333
h5,5,4,1,333
f5,5,3,2,333
h4,6,4,2,333
h1,5,0,5,333
f3,5,3,2,333
h1,0,0,0,334
f2,1,1,0,334
h1,2,0,2,334
h1,2,0,2,334
h2,4,3,1,334
h5,4,3,1,334
h4,6,5,1,334
f3,6,4,2,334
f2,0,0,0,335
h2,1,0,1,335
f4,1,1,0,335
h5,3,3,0,335
f3,3,3,0,335
f4,3,2,1,335
h5,4,4,0,335
h5,5,5,0,335
f5,4,3,1,335
f2,1,1,0,336
h5,2,2,0,336
h2,2,1,1,336
f4,1,0,1,336
h3,2,2,0,336
h3,2,2,0,336
h5,4,4,0,336
h4,4,4,0,336
h5,6,5,1,337
h5,6,5,1,337
h3,1,1,0,338
h1,1,0,1,338
f1,1,1,0,338
h3,3,3,0,338
h1,5,0,5,338
h3,4,4,0,338
h5,5,5,0,338
h2,4,3,1,338
h4,1,1,0,339
h2,1,1,0,339
h5,1,1,0,339
f1,1,1,0,339
h5,3,3,0,339
f2,2,2,0,339
f3,3,3,0,339
f5,4,3,1,339
h5,4,4,0,339
f4,0,0,0,340
f4,0,0,0,340
h5,1,1,0,340
h5,1,1,0,340
h3,1,1,0,340
f2,0,0,0,340
f4,1,1,0,340
h5,1,1,0,340
h5,2,2,0,340
f1,0,0,0,341
f2,2,2,0,341
h3,3,3,0,341
f2,2,2,0,341
h3,3,3,0,341
h1,3,0,3,341
f4,3,2,1,341
h1,0,0,0,342
h4,0,0,0,342
f4,0,0,0,342
h3,0,0,0,342
f1,0,0,0,342
h2,2,2,0,342
h2,3,2,1,342
f2,3,2,1,342
h5,4,3,1,342
h3,1,1,0,343
h3,1,1,0,343
f2,1,1,0,343
f5,3,3,0,343
h3,3,3,0,343
f3,2,2,0,343
h5,3,3,0,343
f2,6,6,0,343
h5,6,6,0,343
h5,2,2,0,344
h5,3,2,1,344
h5,3,2,1,344
f4,3,1,2,344
h2,3,2,1,344
h4,5,3,2,344
f4,5,3,2,344
h5,4,3,1,344
h5,4,3,1,344
f2,1,1,0,345
f2,1,1,0,345
h5,2,2,0,345
f1,3,2,1,345
h2,5,4,1,345
h3,4,3,1,345
f4,4,3,1,345
h3,5,4,1,345
f1,1,1,0,346
h2,1,1,0,346
f4,1,1,0,346
f2,3,3,0,346
h1,4,1,3,346
h5,4,4,0,346
h1,4,1,3,346
f1,3,2,1,346
h2,0,0,0,347
h3,0,0,0,347
h5,1,1,0,347
h1,1,0,1,347
h2,1,1,0,347
f4,1,1,0,347
h1,1,0,1,347
h3,3,3,0,347
h1,3,1,2,347
h2,4,3,1,347
f4,0,0,0,348
h2,1,1,0,348
h3,2,1,1,348
h1,2,0,2,348
h2,2,2,0,348
h1,2,0,2,348
h1,2,0,2,348
f4,3,3,0,348
h5,3,3,0,348
f3,2,2,0,348
h4,0,0,0,349
f2,0,0,0,349
h1,0,0,0,349
h4,2,1,1,349
h3,3,2,1,349
f4,3,2,1,349
f4,3,2,1,349
h5,3,3,0,349
h3,1,1,0,350
f1,1,1,0,350
f2,2,2,0,350
h2,0,0,0,350
f2,1,1,0,350
f3,0,0,0,350
h5,3,3,0,350
f4,5,3,2,350
h4,0,0,0,351
f4,3,3,0,351
h5,4,4,0,351
h5,5,5,0,351
h2,5,3,2,351
f3,4,4,0,351
h5,0,0,0,352
f1,1,0,1,352
f3,2,2,0,352
f1,2,1,1,352
h5,2,2,0,352
h5,2,2,0,352
h1,3,0,3,352
h3,4,3,1,352
f1,2,2,0,353
h3,2,1,1,353
f3,1,1,0,353
h4,1,1,0,353
h1,1,0,1,353
h1,2,0,2,353
f2,2,2,0,353
h5,3,3,0,353
h3,1,1,0,354
h3,1,1,0,354
h4,2,2,0,354
f4,2,1,1,354
h1,2,0,2,354
h5,3,3,0,354
h1,3,0,3,354
f4,3,2,1,354
f3,2,2,0,354
f4,4,2,2,354
h3,0,0,0,355
h1,1,0,1,355
h3,2,1,1,355
f4,1,1,0,355
h5,2,2,0,355
f2,3,3,0,355
h5,4,4,0,355
h5,4,4,0,355
h5,4,4,0,355
h5,4,4,0,355
f3,1,1,0,356
h2,1,1,0,356
h2,0,0,0,356
h1,2,0,2,356
h3,3,2,1,356
f3,4,3,1,356
h4,4,3,1,356
h3,3,2,1,356
h2,4,3,1,356
f1,0,0,0,357
f3,1,1,0,357
h3,1,1,0,357
f4,1,1,0,357
f2,2,2,0,357
h3,2,2,0,357
h3,2,2,0,357
h5,3,2,1,357
f4,2,1,1,357
f1,0,0,0,358
h3,1,1,0,358
h1,2,0,2,358
h2,4,3,1,358
h5,4,4,0,358
f2,4,4,0,358
f4,4,3,1,358
h1,5,0,5,358
f3,1,0,1,361
h2,1,0,1,361
f4,1,0,1,361
f2,1,0,1,361
f1,3,2,1,361
f3,3,2,1,361
h5,3,2,1,361
h1,0,0,0,362
f4,0,0,0,362
h5,1,1,0,362
h5,1,1,0,362
f5,4,3,1,362
h1,4,0,4,362
f3,4,4,0,362
h4,5,5,0,362
f4,3,2,1,362
h5,3,3,0,362
f4,2,1,1,363
f4,4,3,1,363
h5,5,5,0,363
h5,5,5,0,363
f3,3,3,0,363
f1,3,3,0,363
h3,3,3,0,363
h3,3,3,0,363
f1,3,3,0,363
h2,0,0,0,364
f4,1,1,0,364
f5,2,2,0,364
h1,2,0,2,364
f2,1,1,0,364
f5,2,2,0,364
h5,2,2,0,364
h2,0,0,0,365
f1,0,0,0,365
h1,2,0,2,365
h1,2,0,2,365
h2,2,2,0,365
h3,3,3,0,365
h3,3,3,0,365
f3,4,4,0,365
h5,4,4,0,365
h2,0,0,0,366
h3,1,1,0,366
f1,0,0,0,366
f2,4,4,0,366
h3,4,3,1,366
f5,3,2,1,366
h1,5,0,5,366
h1,0,0,0,367
f3,3,2,1,367
h3,2,1,1,367
h5,4,3,1,367
f4,4,3,1,367
f4,4,3,1,367
f3,3,2,1,367
h4,4,3,1,367
h5,4,3,1,367
f4,5,3,2,367
h4,1,0,1,368
f3,2,2,0,368
f2,2,2,0,368
h3,2,2,0,368
h3,2,2,0,368
h5,3,3,0,368
h4,5,4,1,368
h4,6,5,1,368
h5,6,6,0,368
h3,0,0,0,369
h2,1,1,0,369
h5,2,2,0,369
f4,2,2,0,369
h1,3,0,3,369
f2,4,4,0,369
f3,3,3,0,369
f4,3,3,0,369
h5,4,4,0,369
h3,1,1,0,370
h1,1,0,1,370
h5,1,1,0,370
h4,3,3,0,370
h5,4,4,0,370
h3,4,3,1,370
f4,4,3,1,370
h5,4,4,0,370
f1,2,2,0,370
h5,4,4,0,370
f2,1,1,0,371
h3,1,1,0,371
f2,1,1,0,371
f2,1,1,0,371
f3,1,1,0,371
f4,2,1,1,371
h2,2,2,0,371
f1,1,1,0,371
h3,3,3,0,371
f4,1,0,1,372
h3,1,1,0,372
h5,1,1,0,372
h1,1,0,1,372
f1,1,0,1,372
h1,2,0,2,372
h4,2,2,0,372
h2,3,1,2,372
h3,1,1,0,373
h1,3,0,3,373
f2,0,0,0,374
f1,1,1,0,374
f1,1,1,0,374
h5,2,2,0,374
h1,2,0,2,374
h5,3,3,0,374
f1,3,2,1,374
f2,3,3,0,374
h3,4,3,1,374
f1,5,4,1,374
h2,0,0,0,375
h1,1,0,1,375
f3,1,1,0,375
f4,4,2,2,375
h1,6,0,6,375
f1,5,4,1,375
f3,1,1,0,376
h2,1,1,0,376
f4,3,2,1,376
h5,4,4,0,376
f4,3,2,1,376
f4,3,2,1,376
f3,3,3,0,376
h5,1,1,0,377
f2,1,1,0,377
h4,2,2,0,377
f4,2,2,0,377
h2,2,2,0,377
h4,1,1,0,377
f2,3,3,0,377
f5,3,2,1,377
h3,0,0,0,378
f5,2,2,0,378
h3,2,2,0,378
h2,2,1,1,378
f2,1,1,0,378
f4,3,2,1,378
f2,2,2,0,378
f2,1,1,0,379
h2,2,2,0,379
f1,2,2,0,379
f1,4,4,0,379
h2,4,4,0,379
f3,4,4,0,379
h2,4,4,0,379
h5,5,5,0,379
f3,0,0,0,380
h5,0,0,0,380
f2,0,0,0,380
f4,0,0,0,380
h1,0,0,0,380
f2,0,0,0,380
f1,0,0,0,380
h2,0,0,0,380
h4,0,0,0,380
f3,0,0,0,381
f3,0,0,0,381
h3,2,2,0,381
f4,1,1,0,381
h2,2,0,2,381
h5,3,2,1,381
h5,3,2,1,381
f2,3,2,1,381
h3,3,2,1,381
f4,1,0,1,381
f3,0,0,0,382
f1,1,1,0,382
f1,1,1,0,382
f4,1,1,0,382
h4,2,2,0,382
f3,4,4,0,382
f4,3,2,1,382
f3,5,5,0,382
h3,4,3,1,382
f4,6,3,3,382
f2,0,0,0,383
f4,1,1,0,383
h3,1,0,1,383
h3,5,3,2,383
f4,4,3,1,383
h5,5,4,1,383
h1,4,0,4,383
f4,4,1,3,384
f4,3,0,3,384
f5,4,3,1,384
h5,4,3,1,384
f1,5,3,2,384
h5,5,4,1,384
h1,5,0,5,384
f2,6,5,1,384
f3,0,0,0,385
h1,1,0,1,385
h2,5,4,1,385
h3,4,3,1,385
h3,4,3,1,385
f3,4,3,1,385
h1,4,0,4,385
h1,5,0,5,385
h2,5,4,1,385
f1,1,0,1,386
h2,3,1,2,386
f4,2,0,2,386
h3,3,2,1,386
f3,5,4,1,386
f4,0,0,0,387
f5,0,0,0,387
h1,0,0,0,387
h5,1,1,0,387
h4,3,2,1,387
h5,2,1,1,387
h1,1,0,1,387
h1,3,0,3,387
f4,4,2,2,387
f2,0,0,0,388
h1,0,0,0,388
h3,1,0,1,388
h5,2,1,1,388
f3,3,2,1,388
f2,4,3,1,388
f1,4,3,1,388
f4,4,2,2,388
h5,0,0,0,389
h2,1,1,0,389
f4,1,1,0,389
f4,0,0,0,389
f2,0,0,0,389
f1,0,0,0,389
h4,1,1,0,389
f2,2,2,0,389
f2,2,2,0,389
f2,1,1,0,390
h3,1,1,0,390
h2,1,1,0,390
f2,2,2,0,390
f2,2,2,0,390
h5,2,2,0,390
h3,3,3,0,390
h5,2,2,0,390
h2,0,0,0,391
f1,3,3,0,391
f4,4,3,1,391
h5,5,5,0,391
f1,3,3,0,392
h5,2,2,0,392
h3,3,3,0,392
f3,2,2,0,392
h5,2,2,0,392
f3,2,2,0,392
f4,4,2,2,392
h5,2,2,0,392
f4,2,1,1,393
f2,4,4,0,393
h1,4,0,4,393
f5,3,2,1,393
h1,4,0,4,393
h1,4,0,4,393
f1,3,2,1,393
f5,1,1,0,394
f2,1,1,0,394
h3,1,1,0,394
f4,1,1,0,394
f2,2,2,0,394
f4,3,3,0,394
f2,3,3,0,394
h5,4,4,0,394
f2,3,3,0,394
h2,4,3,1,394
f3,1,1,0,395
f2,1,1,0,395
h4,0,0,0,395
f4,0,0,0,395
h1,0,0,0,395
h1,2,0,2,395
f3,2,2,0,395
h3,5,4,1,395
h2,7,5,2,395
h3,0,0,0,396
h1,1,0,1,396
h2,2,1,1,396
h4,2,1,1,396
f4,2,1,1,396
h5,1,0,1,396
f1,1,0,1,396
h1,0,0,0,397
f1,1,1,0,397
h1,2,0,2,397
f2,3,3,0,397
h3,3,2,1,397
f2,4,4,0,397
f2,4,4,0,397
h4,5,5,0,397
h5,5,5,0,397
f2,5,5,0,397
f2,1,1,0,398
h3,1,1,0,398
h3,3,3,0,398
h5,4,4,0,398
h2,4,4,0,398
f4,5,3,2,398
f5,4,3,1,398
h5,5,5,0,398
f3,0,0,0,399
h2,0,0,0,399
f1,0,0,0,399
h2,0,0,0,399
f4,0,0,0,399
h1,0,0,0,399
h2,0,0,0,399
h1,3,0,3,399
h1,3,0,3,399
h1,0,0,0,400
h3,0,0,0,400
h1,3,0,3,400
f2,4,3,1,400
h3,4,3,1,400
h3,4,3,1,400
h5,6,5,1,400
f3,0,0,0,401
f5,1,0,1,401
h5,2,2,0,401
f5,1,0,1,401
h5,3,3,0,401
h3,4,3,1,401
h1,5,0,5,401
f5,4,2,2,401
h2,0,0,0,402
f4,2,2,0,402
f2,1,1,0,402
f5,2,1,1,402
h1,3,0,3,402
h1,3,0,3,402
f1,4,3,1,402
f4,6,4,2,402
h4,6,4,2,402
h1,0,0,0,403
h3,0,0,0,403
h3,3,2,1,403
h1,3,0,3,403
f4,4,3,1,403
f4,4,3,1,403
f4,4,3,1,403
f1,5,3,2,403
h3,5,3,2,403
f4,5,4,1,403
f1,0,0,0,404
h5,2,2,0,404
h1,2,0,2,404
h3,2,2,0,404
h5,2,2,0,404
f3,3,3,0,404
f2,3,3,0,404
f2,1,0,1,405
h5,1,0,1,405
h1,4,0,4,405
h5,5,4,1,405
f5,5,3,2,405
h5,5,4,1,405
f4,4,1,3,405
f5,5,3,2,405
f2,5,4,1,405
h5,0,0,0,406
h5,0,0,0,406
f2,0,0,0,406
h3,0,0,0,406
h1,1,0,1,406
f1,1,1,0,406
f1,1,1,0,406
f2,0,0,0,406
h1,3,0,3,406
f2,4,3,1,406
f3,1,1,0,407
f4,2,2,0,407
f1,2,2,0,407
h2,3,2,1,407
f5,3,2,1,407
f2,3,3,0,407
h3,4,4,0,407
f1,0,0,0,408
f2,2,2,0,408
h4,3,3,0,408
f4,3,2,1,408
f3,2,2,0,408
h1,2,0,2,408
h5,2,2,0,408
h3,1,1,0,408
h1,2,0,2,409
h1,3,0,3,409
f3,4,4,0,409
f3,3,3,0,409
h3,3,2,1,409
f1,5,4,1,409
f3,4,4,0,409
f2,0,0,0,410
f3,0,0,0,410
f2,1,1,0,410
h5,1,1,0,410
h5,2,2,0,410
f2,2,2,0,410
f3,3,3,0,410
h5,4,4,0,410
f2,0,0,0,411
h3,0,0,0,411
f2,1,1,0,411
f2,3,3,0,411
f3,2,2,0,411
h5,3,3,0,411
f5,4,3,1,411
f5,4,3,1,411
f3,3,3,0,411
f3,3,3,0,411
h5,1,1,0,412
f2,1,1,0,412
f3,0,0,0,412
h4,0,0,0,412
h1,0,0,0,412
h3,2,2,0,412
h2,4,3,1,412
h3,3,2,1,412
h2,4,3,1,412
f5,3,2,1,412
h5,0,0,0,413
f5,0,0,0,413
h4,0,0,0,413
f4,1,1,0,413
h5,3,3,0,413
h3,5,4,1,413
f2,6,6,0,413
f3,5,5,0,413
h5,1,1,0,414
h5,1,1,0,414
h5,0,0,0,414
f4,1,1,0,414
h4,2,2,0,414
f2,2,2,0,414
f4,3,2,1,414
h4,5,4,1,414
h5,0,0,0,415
f5,3,2,1,415
f1,3,2,1,415
h1,2,0,2,415
f1,2,1,1,415
h1,4,0,4,415
f1,4,3,1,415
f2,4,4,0,415
h2,4,2,2,415
h3,0,0,0,416
h2,0,0,0,416
f2,0,0,0,416
h4,0,0,0,416
f1,0,0,0,416
h3,0,0,0,416
f1,0,0,0,416
f2,0,0,0,416
h4,2,2,0,417
h5,2,2,0,417
h5,2,2,0,417
h5,2,2,0,417
f2,2,2,0,417
f3,2,2,0,417
f4,3,3,0,417
f1,4,4,0,417
h2,1,1,0,418
f2,2,2,0,418
f2,3,3,0,418
h1,4,0,4,418
h5,3,3,0,418
h3,5,4,1,418
f5,0,0,0,419
h5,2,2,0,419
h3,1,1,0,419
h3,1,1,0,419
h5,3,3,0,419
f1,2,2,0,419
h3,3,2,1,420
f3,2,2,0,420
h1,3,0,3,420
h4,3,3,0,420
h4,4,4,0,420
h2,4,3,1,420
h2,4,3,1,420
f4,4,3,1,420
f5,3,1,2,421
h3,3,2,1,421
h1,4,0,4,421
f3,4,4,0,421
h5,6,6,0,421
h5,5,5,0,421
f5,4,3,1,421
h2,5,4,1,421
f2,1,1,0,422
f1,2,2,0,422
h1,3,0,3,422
f1,3,2,1,422
h2,3,2,1,422
h1,4,0,4,422
h5,5,5,0,422
f2,5,5,0,422
f2,2,2,0,423
f4,4,3,1,423
f1,3,3,0,423
f2,3,3,0,423
h5,3,3,0,423
h3,3,2,1,423
h5,4,4,0,423
h3,1,1,0,424
h5,1,1,0,424
f5,2,2,0,424
f1,4,4,0,424
f2,4,4,0,424
h3,4,3,1,424
f1,4,4,0,424
h4,5,4,1,424
h3,2,2,0,425
h4,3,2,1,425
f2,3,3,0,425
h2,4,2,2,425
f1,5,3,2,425
f3,5,4,1,425
h1,1,0,1,426
h4,1,1,0,426
h4,2,2,0,426
f4,2,2,0,426
h5,2,2,0,426
f1,1,0,1,426
f2,1,1,0,426
f4,0,0,0,426
h1,1,0,1,426
h3,1,1,0,426
h2,0,0,0,427
h5,0,0,0,427
h1,1,0,1,427
h5,1,1,0,427
f5,2,2,0,427
f4,4,3,1,427
f1,4,3,1,427
h3,4,3,1,427
f2,1,1,0,428
h5,5,5,0,428
h1,0,0,0,429
h5,2,2,0,429
f2,2,2,0,429
h2,1,1,0,429
h2,2,2,0,429
h1,4,0,4,429
f2,3,3,0,429
f2,3,3,0,429
h1,5,0,5,429
h3,4,4,0,429
f1,0,0,0,430
h2,1,1,0,430
f2,1,1,0,430
h3,2,2,0,430
h5,3,3,0,430
f3,2,2,0,430
h2,3,2,1,430
f2,2,2,0,430
f2,3,3,0,430
h1,4,0,4,430
f2,2,2,0,431
h5,2,2,0,431
h5,2,2,0,431
h5,2,2,0,431
f2,3,3,0,431
h4,3,3,0,431
h3,3,2,1,431
h1,4,0,4,431
h4,4,3,1,431
h1,3,0,3,431
f2,0,0,0,432
f4,1,1,0,432
f1,4,3,1,432
f3,3,3,0,432
h4,2,2,0,432
h4,0,0,0,433
f4,0,0,0,433
f1,0,0,0,433
h5,2,2,0,433
f3,2,2,0,433
f5,3,2,1,433
f1,1,1,0,433
h5,2,2,0,433
f4,3,2,1,433
f4,2,1,1,434
h5,5,5,0,434
h5,5,5,0,434
f2,0,0,0,435
h5,1,1,0,435
h3,1,1,0,435
f4,2,2,0,435
h5,3,3,0,435
f2,1,1,0,435
h3,4,4,0,435
f2,4,4,0,435
f3,4,4,0,435
h5,5,5,0,435
f1,0,0,0,436
f4,1,0,1,436
f2,1,1,0,437
h5,1,1,0,437
f2,0,0,0,437
f5,1,1,0,437
f1,0,0,0,437
h1,2,0,2,437
h5,5,4,1,437
f4,4,2,2,437
h5,2,2,0,438
h5,2,2,0,438
h1,2,0,2,438
f5,2,1,1,438
f4,3,2,1,438
h3,2,2,0,438
h5,3,3,0,438
h1,2,0,2,438
f1,0,0,0,439
h4,1,1,0,439
f4,1,0,1,439
h2,1,1,0,439
f2,2,2,0,439
f2,3,3,0,439
h3,4,4,0,439
f1,0,0,0,440
h2,1,1,0,440
h2,4,3,1,440
h4,5,4,1,440
h4,5,4,1,440
f3,4,4,0,440
f2,5,5,0,440
h5,2,1,1,441
h5,4,3,1,441
h3,4,3,1,441
h2,3,2,1,441
h1,3,0,3,441
f1,4,3,1,441
h4,6,4,2,441
f4,6,3,3,441
f1,1,0,1,442
h5,4,3,1,442
h1,3,0,3,442
h2,4,3,1,442
h5,4,3,1,442
f1,2,1,1,442
h1,3,0,3,442
h5,0,0,0,443
h5,0,0,0,443
f3,3,3,0,443
h3,4,3,1,443
h5,5,5,0,443
f1,5,4,1,443
h2,4,3,1,443
f1,6,5,1,443
h1,6,0,6,443
h4,6,5,1,443
f2,0,0,0,444
h3,1,1,0,444
f5,3,3,0,444
h2,3,2,1,444
f4,2,1,1,444
h3,4,4,0,444
h3,4,4,0,444
f4,3,1,2,444
h1,4,0,4,444
h5,0,0,0,445
h3,2,1,1,445
h5,3,3,0,445
h1,3,0,3,445
h2,3,2,1,445
h1,3,0,3,445
h4,5,4,1,445
f1,5,4,1,445
h5,0,0,0,446
h2,0,0,0,446
h3,0,0,0,446
h5,1,1,0,446
f2,3,3,0,446
h3,3,3,0,446
f2,3,3,0,446
h2,0,0,0,447
f2,1,1,0,447
f5,3,2,1,447
h1,3,0,3,447
f2,3,3,0,447
h3,4,3,1,447
h1,2,0,2,448
f2,3,3,0,448
f4,3,2,1,448
h5,4,4,0,448
f2,4,4,0,448
h1,6,0,6,448
h3,5,4,1,448
h5,1,1,0,449
h2,1,0,1,449
f2,3,3,0,449
h4,3,2,1,449
f4,3,1,2,449
h1,5,0,5,449
f3,5,5,0,449
h5,6,6,0,449
h5,4,4,0,450
h1,0,0,0,451
h3,1,0,1,451
h5,2,1,1,451
h2,4,3,1,451
h1,4,0,4,451
h5,5,4,1,451
f3,5,4,1,451
h2,1,1,0,452
h4,2,2,0,452
h5,2,2,0,452
h3,2,2,0,452
f1,3,3,0,452
f1,3,3,0,452
f2,4,4,0,452
h3,4,4,0,452
h3,0,0,0,453
f3,2,1,1,453
h3,2,0,2,453
f4,2,1,1,453
h5,2,1,1,453
f3,4,3,1,453
h5,4,3,1,453
f4,4,2,2,453
h3,0,0,0,454
f2,0,0,0,454
h3,0,0,0,454
f4,0,0,0,454
h5,0,0,0,454
h2,0,0,0,454
h2,0,0,0,454
f4,0,0,0,454
f2,0,0,0,454
h5,0,0,0,454
f4,3,2,1,455
f2,2,1,1,455
f5,3,1,2,455
h2,3,2,1,455
f2,3,2,1,455
h3,3,2,1,455
h4,2,0,2,455
f1,3,2,1,455
f4,3,1,2,455
f2,4,3,1,455
h4,0,0,0,456
f4,0,0,0,456
h1,2,0,2,456
f3,1,1,0,456
f5,1,0,1,456
h1,2,0,2,456
f1,2,2,0,456
f1,2,2,0,456
f4,3,3,0,456
h5,2,2,0,456
h3,0,0,0,457
h2,0,0,0,457
h1,1,0,1,457
f3,1,1,0,457
h1,3,0,3,457
f5,3,2,1,457
f4,5,3,2,457
h1,5,0,5,457
h2,4,3,1,457
f2,0,0,0,458
h5,2,2,0,458
h4,2,2,0,458
f2,1,1,0,458
h5,1,1,0,458
h2,3,2,1,458
h5,4,4,0,458
h3,3,3,0,458
h5,4,4,0,458
f2,0,0,0,459
f2,0,0,0,459
f4,1,1,0,459
h3,1,1,0,459
h3,1,1,0,459
f4,3,3,0,459
h1,3,0,3,459
h1,3,0,3,459
f4,4,3,1,459
h2,0,0,0,460
f4,0,0,0,460
f2,1,1,0,460
h3,2,2,0,460
h5,3,3,0,460
h2,2,2,0,460
f1,3,3,0,460
h3,3,3,0,460
h1,4,0,4,460
h4,0,0,0,461
h4,0,0,0,461
f1,0,0,0,461
h4,1,1,0,461
f5,1,0,1,461
f5,1,0,1,461
h1,1,0,1,461
h2,1,1,0,461
f4,1,1,0,461
f5,1,0,1,461
h1,0,0,0,462
f1,5,4,1,462
h3,5,5,0,462
f3,5,5,0,462
f1,0,0,0,463
f3,1,1,0,463
f4,1,1,0,463
h5,1,1,0,463
f1,1,1,0,463
f2,3,2,1,463
h3,3,2,1,463
f2,2,1,1,463
h1,3,0,3,463
h4,3,2,1,463
h1,0,0,0,464
h5,3,3,0,464
f3,2,2,0,464
f2,3,3,0,464
h1,3,0,3,464
f2,3,3,0,464
h5,3,3,0,464
f5,3,2,1,464
h2,2,2,0,464
h3,0,0,0,465
f5,2,1,1,465
f2,5,5,0,465
f4,5,4,1,465
f3,4,4,0,465
h5,6,6,0,465
f5,5,3,2,465
f5,1,1,0,466
f4,2,2,0,466
h4,3,3,0,466
f3,2,2,0,466
f4,2,2,0,466
h5,3,3,0,466
h5,3,3,0,466
h1,0,0,0,468
f4,1,0,1,468
f3,2,2,0,468
f2,2,1,1,468
f1,1,0,1,468
f3,2,1,1,468
h1,1,0,1,468
h2,3,2,1,468
h2,3,2,1,468
f3,3,2,1,468
h1,0,0,0,469
h3,0,0,0,469
h3,0,0,0,469
h3,0,0,0,469
h1,1,0,1,469
f3,3,3,0,469
h5,5,5,0,469
f5,4,3,1,469
h4,0,0,0,470
h1,0,0,0,470
h3,2,2,0,470
h5,3,3,0,470
f3,3,3,0,470
h4,4,4,0,470
f2,4,4,0,470
f5,4,3,1,470
f1,4,3,1,470
h2,4,3,1,470
f2,0,0,0,471
f2,0,0,0,471
h5,0,0,0,471
h3,0,0,0,471
h4,1,1,0,471
f1,2,2,0,471
h3,2,1,1,471
f3,3,2,1,471
f2,0,0,0,472
h3,1,1,0,472
h2,2,2,0,472
f4,2,1,1,472
h1,2,0,2,472
f1,2,2,0,472
f4,3,2,1,472
f3,0,0,0,473
f5,1,0,1,473
h3,2,2,0,473
h1,4,0,4,473
h1,4,0,4,473
f2,4,4,0,473
h5,5,5,0,473
f3,5,5,0,473
h1,0,0,0,474
h1,1,0,1,474
f2,1,1,0,474
h3,2,1,1,474
h2,1,1,0,474
h5,1,1,0,474
f4,2,2,0,474
f5,1,1,0,474
h4,2,2,0,475
h1,2,0,2,475
h1,2,0,2,475
h3,2,2,0,475
h2,2,1,1,475
f2,3,3,0,475
f2,3,3,0,475
f4,3,2,1,475
h1,0,0,0,476
f1,0,0,0,476
h3,0,0,0,476
h1,2,0,2,476
h5,2,2,0,476
f1,3,3,0,476
f4,4,3,1,476
h3,2,1,1,477
f4,3,3,0,477
h5,3,3,0,477
f4,4,4,0,477
h3,5,3,2,477
h3,5,3,2,477
h5,5,4,1,477
h3,7,5,2,477
f1,0,0,0,478
f1,0,0,0,478
f3,0,0,0,478
f2,0,0,0,478
h3,0,0,0,478
h1,4,0,4,478
h5,6,6,0,478
f1,5,5,0,478
h3,2,2,0,479
f3,1,1,0,479
h4,2,2,0,479
h1,3,0,3,479
h3,5,3,2,479
f3,4,3,1,479
h3,6,4,2,479
f5,5,3,2,479
h2,5,2,3,479
h1,0,0,0,480
f2,1,1,0,480
h5,2,2,0,480
h5,2,2,0,480
h5,2,2,0,480
h3,1,1,0,480
f3,2,2,0,480
h5,3,3,0,480
f1,0,0,0,481
h2,0,0,0,481
h4,4,4,0,481
h3,5,4,1,481
f4,6,4,2,481
f2,6,6,0,481
h4,6,6,0,481
h5,7,7,0,481
h1,0,0,0,482
f2,1,1,0,482
h3,1,1,0,482
h1,1,0,1,482
f2,1,1,0,482
f4,1,1,0,482
f3,1,1,0,482
h2,2,2,0,482
h4,1,1,0,482
f2,3,2,1,483
f1,4,2,2,483
f2,4,3,1,483
h3,4,3,1,483
f3,3,2,1,483
f2,5,4,1,483
f5,7,4,3,483
h2,4,3,1,484
h2,4,3,1,484
h2,4,3,1,484
h1,3,0,3,484
h3,5,3,2,484
f3,4,3,1,484
f1,0,0,0,485
f2,0,0,0,485
h3,0,0,0,485
h5,0,0,0,485
h5,2,2,0,485
h1,3,0,3,485
f3,3,3,0,485
h3,6,4,2,485
f4,5,2,3,485
h5,2,2,0,486
h1,2,0,2,486
f2,2,2,0,486
f2,2,2,0,486
h5,3,3,0,486
f3,3,3,0,486
h5,3,3,0,486
h1,3,0,3,486
f2,3,3,0,486
h3,1,1,0,487
h4,4,4,0,487
f3,3,3,0,487
h2,3,2,1,487
f2,4,4,0,487
f4,3,1,2,487
f2,4,4,0,487
h3,4,4,0,487
f1,0,0,0,488
h3,0,0,0,488
f4,0,0,0,488
h5,0,0,0,488
h1,0,0,0,488
h2,4,3,1,488
h3,5,5,0,488
h2,7,6,1,488
f5,2,1,1,489
f1,2,2,0,489
f1,3,3,0,489
h3,4,4,0,489
h4,4,4,0,489
h1,4,0,4,489
f1,4,3,1,489
f3,5,5,0,489
f5,0,0,0,490
h3,0,0,0,490
h1,0,0,0,490
f4,1,0,1,490
h3,2,2,0,490
h5,3,3,0,490
h1,3,0,3,490
h1,3,0,3,490
h2,2,2,0,490
h4,0,0,0,491
f4,1,1,0,491
h3,3,3,0,491
f4,2,1,1,491
f2,3,3,0,491
f1,4,3,1,491
h3,4,3,1,491
h3,5,4,1,491
f1,4,3,1,491
f2,0,0,0,492
h5,0,0,0,492
h3,1,1,0,492
h5,0,0,0,492
f5,1,1,0,492
h1,1,0,1,492
f2,1,1,0,492
f3,1,1,0,492
h5,1,1,0,492
h2,2,2,0,492
f3,0,0,0,493
f2,1,1,0,493
h3,1,1,0,493
f2,0,0,0,493
f5,1,1,0,493
h1,2,0,2,493
h5,5,5,0,493
f2,4,4,0,493
f4,4,3,1,493
h1,1,0,1,494
f5,2,1,1,494
h5,2,1,1,494
f2,3,2,1,494
h3,3,2,1,494
f3,3,2,1,494
h5,4,3,1,494
f3,1,1,0,495
f4,1,1,0,495
f2,0,0,0,495
h4,1,1,0,495
h5,3,3,0,495
h1,4,0,4,495
f1,3,2,1,495
h5,5,5,0,495
f2,2,2,0,496
f4,2,2,0,496
h1,2,0,2,496
f3,2,2,0,496
f4,1,1,0,496
h1,1,0,1,496
f4,1,1,0,496
h1,0,0,0,496
h2,0,0,0,496
f1,0,0,0,497
f1,0,0,0,497
f5,0,0,0,497
f4,0,0,0,497
h1,0,0,0,497
h3,0,0,0,497
h5,0,0,0,497
f2,0,0,0,497
f4,0,0,0,497
h3,2,2,0,498
h5,2,2,0,498
h3,2,2,0,498
h1,3,0,3,498
f5,3,2,1,498
h1,3,0,3,498
f2,2,2,0,498
f2,2,2,0,498
h5,3,3,0,499
h1,4,1,3,499
f2,2,2,0,499
h5,4,4,0,499
h1,4,0,4,499
f2,0,0,0,500
f4,1,1,0,500
h2,3,2,1,500
f2,3,3,0,500
h1,4,0,4,500
h5,4,4,0,500
h5,4,4,0,500
f4,1,0,1,501
f3,2,2,0,501
f2,1,1,0,501
f4,2,1,1,501
h1,3,0,3,501
f3,3,3,0,501
f4,3,2,1,501
h4,4,4,0,501
h4,4,4,0,501
h5,4,4,0,501
h4,2,2,0,502
f4,3,2,1,502
f3,3,3,0,502
f2,5,5,0,502
h4,6,6,0,502
h1,0,0,0,503
f2,2,2,0,503
h4,3,3,0,503
f2,0,0,0,504
h3,0,0,0,504
f3,0,0,0,504
h4,2,2,0,504
h5,5,4,1,504
h1,5,0,5,504
h2,6,4,2,504
h5,6,5,1,504
f2,1,1,0,505
h1,1,0,1,505
h5,3,3,0,505
f2,4,4,0,505
f2,4,4,0,505
h3,4,4,0,505
h2,4,3,1,505
h5,6,6,0,505
h2,0,0,0,506
h3,0,0,0,506
h5,0,0,0,506
f1,0,0,0,506
f1,0,0,0,506
h3,0,0,0,506
f4,0,0,0,506
h1,1,0,1,506
h1,0,0,0,507
h2,3,2,1,507
f4,3,1,2,507
f5,4,4,0,507
h5,4,4,0,507
f2,5,5,0,507
h3,6,5,1,507
f1,5,4,1,507
h1,0,0,0,508
h2,2,2,0,508
f4,4,2,2,508
f5,3,3,0,508
h4,5,5,0,508
f5,5,4,1,508
h2,5,4,1,508
h2,0,0,0,509
f4,0,0,0,509
h1,3,0,3,509
h3,3,3,0,509
h1,3,0,3,509
f2,5,5,0,509
h2,4,4,0,509
h5,4,4,0,509
h4,2,1,1,510
f1,3,2,1,510
h3,3,1,2,510
f1,4,3,1,510
h5,3,2,1,510
h1,3,0,3,510
h1,2,0,2,511
f1,3,3,0,511
h3,3,2,1,511
h5,4,4,0,511
h1,5,0,5,511
h1,5,0,5,511
f3,4,4,0,511
f3,4,4,0,511
h1,0,0,0,512
h5,2,1,1,512
h1,1,0,1,512
f2,2,1,1,512
f3,2,1,1,512
f4,2,0,2,512
h2,2,1,1,512
h5,3,2,1,512
f5,3,2,1,512
f2,3,2,1,512
h5,1,1,0,513
h1,1,0,1,513
f2,1,1,0,513
h5,2,2,0,513
f5,4,3,1,513
f2,2,2,0,514
h5,2,2,0,514
f2,1,1,0,514
f2,1,1,0,514
f2,1,1,0,514
h5,1,1,0,514
f3,2,2,0,514
f4,3,2,1,514
f5,0,0,0,515
h2,2,1,1,515
h1,2,0,2,515
f4,1,0,1,515
h5,2,2,0,515
h1,2,0,2,515
f1,1,0,1,515
f3,3,3,0,515
h4,4,4,0,515
h2,3,2,1,515
f2,0,0,0,516
h2,1,1,0,516
h3,2,1,1,516
h3,2,1,1,516
f3,3,3,0,516
f2,3,3,0,516
f3,5,5,0,516
h5,4,4,0,516
f3,0,0,0,517
f2,1,1,0,517
h1,2,0,2,517
h4,4,4,0,517
h3,3,2,1,517
f4,5,4,1,517
h5,5,5,0,517
f1,0,0,0,518
h4,0,0,0,518
f4,5,3,2,518
h1,5,0,5,518
f1,5,3,2,518
h2,6,4,2,518
f3,7,6,1,518
h1,6,0,6,518
h3,6,4,2,518
h3,0,0,0,519
h5,0,0,0,519
h2,0,0,0,519
f2,0,0,0,519
f2,2,2,0,519
f4,2,2,0,519
f3,4,4,0,519
h4,3,3,0,519
f4,3,3,0,519
f4,6,6,0,519
f4,0,0,0,520
f4,0,0,0,520
h3,4,4,0,520
h1,4,0,4,520
h3,4,4,0,520
f3,3,3,0,520
h5,1,1,0,521
f3,2,2,0,521
f4,4,4,0,521
h4,3,3,0,521
h5,4,4,0,521
h1,4,0,4,521
f1,4,4,0,521
f2,4,4,0,521
h1,0,0,0,522
h4,3,3,0,522
h1,6,0,6,522
h3,6,5,1,522
h3,6,5,1,522
f5,6,4,2,522
h5,1,1,0,523
h3,1,1,0,523
h5,1,1,0,523
h5,2,2,0,523
h5,3,3,0,523
h5,3,3,0,523
f4,3,2,1,523
f4,3,2,1,523
f4,2,1,1,524
h5,2,2,0,524
h3,2,1,1,524
h5,3,3,0,524
h5,3,3,0,524
h5,3,3,0,524
f5,2,1,1,524
f5,0,0,0,525
h2,1,1,0,525
f1,0,0,0,525
h5,1,1,0,525
h4,2,2,0,525
f2,3,2,1,525
h3,3,1,2,525
f4,2,1,1,525
h1,0,0,0,526
f1,0,0,0,526
h4,0,0,0,526
f3,1,1,0,526
f4,3,1,2,526
h2,4,4,0,526
h2,5,5,0,526
f2,5,5,0,526
h5,5,5,0,526
f5,1,1,0,527
h2,2,2,0,527
h3,2,2,0,527
f4,3,3,0,527
f5,3,2,1,527
h5,4,4,0,527
f1,1,1,0,528
f2,2,2,0,528
h3,3,3,0,528
f1,3,3,0,528
h3,4,4,0,528
f4,3,3,0,528
h2,5,4,1,528
h3,5,5,0,528
h4,0,0,0,529
f1,0,0,0,529
f4,1,1,0,529
f2,1,1,0,529
h3,0,0,0,529
f4,3,2,1,529
f4,3,2,1,529
h1,3,0,3,529
h3,3,2,1,529
f2,4,3,1,529
f2,0,0,0,530
f2,0,0,0,530
f4,0,0,0,530
f1,0,0,0,530
h5,3,3,0,530
h5,4,4,0,530
f5,4,3,1,530
h5,5,5,0,530
h1,6,0,6,530
h5,3,3,0,531
h3,3,3,0,531
f2,4,4,0,531
f2,0,0,0,532
f4,0,0,0,532
h1,1,0,1,532
f3,4,4,0,532
h1,4,0,4,532
h1,5,0,5,532
h5,4,4,0,532
f1,0,0,0,533
f2,0,0,0,533
h5,3,3,0,533
h5,3,3,0,533
h5,3,3,0,533
h3,2,2,0,533
f3,4,4,0,533
f3,5,5,0,533
f4,4,2,2,533
f2,2,2,0,534
h1,2,0,2,534
f2,2,2,0,534
f2,2,2,0,534
f2,2,2,0,534
h2,2,2,0,534
h2,2,2,0,534
f3,2,2,0,534
f1,2,2,0,534
h3,0,0,0,535
h5,2,2,0,535
h5,3,3,0,535
h1,4,0,4,535
h2,4,4,0,535
f2,3,3,0,535
h5,3,3,0,535
f2,4,4,0,535
h1,5,0,5,535
f1,4,4,0,535
h5,2,1,1,536
f2,3,2,1,536
h5,3,2,1,536
h3,5,4,1,536
h1,0,0,0,537
h3,0,0,0,537
h1,1,1,0,537
f5,1,0,1,537
h3,3,3,0,537
h3,4,4,0,537
h4,5,5,0,537
h2,5,5,0,537
h5,5,5,0,537
f1,4,4,0,537
h2,0,0,0,538
f4,0,0,0,538
h3,1,1,0,538
h3,1,1,0,538
h2,1,1,0,538
f3,1,1,0,538
f2,1,1,0,538
h4,0,0,0,538
f1,0,0,0,538
f1,0,0,0,539
f1,0,0,0,539
f2,0,0,0,539
h1,0,0,0,539
h1,2,0,2,539
f3,2,2,0,539
h5,2,2,0,539
h5,2,2,0,539
h3,3,3,0,539
h1,0,0,0,540
h4,0,0,0,540
h3,0,0,0,540
h5,2,2,0,540
f2,2,2,0,540
h1,1,0,1,540
f3,1,0,1,540
h1,1,0,1,540
h4,3,2,1,540
h5,3,2,1,540
f4,0,0,0,541
h5,1,1,0,541
f1,2,2,0,541
f4,4,2,2,541
h1,4,0,4,541
f2,3,3,0,541
h1,4,0,4,541
h2,3,3,0,541
h3,4,4,0,541
h2,0,0,0,542
f2,0,0,0,542
h3,0,0,0,542
f5,0,0,0,542
h3,2,2,0,542
f4,4,3,1,542
f1,3,3,0,542
h3,4,4,0,542
h5,5,5,0,542
h5,0,0,0,543
f5,0,0,0,543
f4,0,0,0,543
f5,0,0,0,543
h3,0,0,0,543
f2,0,0,0,543
f3,0,0,0,543
f5,0,0,0,543
h2,0,0,0,544
h5,4,4,0,544
f2,4,4,0,544
f3,5,5,0,544
f3,6,6,0,544
h5,6,6,0,544
h1,7,0,7,544
f3,6,6,0,544
f3,6,6,0,544
h3,1,1,0,545
f5,1,1,0,545
f2,2,2,0,546
f3,2,2,0,546
f2,4,3,1,546
f4,4,2,2,546
f2,6,5,1,546
f3,6,5,1,546
f2,1,1,0,547
h5,1,1,0,547
h5,0,0,0,547
f3,0,0,0,547
h5,0,0,0,547
f2,2,2,0,547
h3,2,2,0,547
f5,2,1,1,547
h4,3,3,0,547
f3,0,0,0,548
h5,0,0,0,548
h1,0,0,0,548
h2,0,0,0,548
f2,2,1,1,548
f2,4,3,1,548
f2,0,0,0,549
h5,0,0,0,549
f5,1,1,0,549
h3,1,1,0,549
h2,2,2,0,549
h5,3,3,0,549
f5,4,4,0,549
h1,0,0,0,550
h3,0,0,0,550
f3,0,0,0,550
h1,1,0,1,550
h2,3,2,1,550
h5,4,3,1,550
f2,4,3,1,550
f2,4,3,1,550
h1,4,0,4,551
f4,4,4,0,551
h1,0,0,0,552
h1,0,0,0,552
f4,2,1,1,552
h3,2,2,0,552
f3,2,2,0,552
f5,2,2,0,552
f1,1,1,0,552
h5,1,1,0,552
f5,2,1,1,552
h5,3,3,0,552
f4,0,0,0,553
h4,2,2,0,553
h2,3,3,0,553
f2,3,3,0,553
f3,2,2,0,553
h5,5,5,0,553
f4,5,4,1,553
h3,2,2,0,554
f3,4,4,0,554
f4,4,3,1,554
h1,4,0,4,554
h2,4,4,0,554
f2,3,3,0,554
f4,4,4,0,554
h4,4,4,0,554
f3,2,2,0,554
f3,2,2,0,555
h1,3,0,3,555
f2,3,3,0,555
f3,2,2,0,555
h3,3,3,0,555
h5,4,4,0,555
h1,4,0,4,555
h4,4,4,0,555
f5,3,1,2,555
h2,5,4,1,555
h1,0,0,0,556
h1,0,0,0,556
h3,0,0,0,556
h1,1,0,1,556
f3,2,2,0,556
f1,2,2,0,556
h1,5,0,5,556
f1,4,4,0,556
f3,0,0,0,557
f2,0,0,0,557
h3,0,0,0,557
f4,0,0,0,557
h4,0,0,0,557
h1,1,0,1,557
f5,1,1,0,557
f4,2,1,1,557
f2,1,1,0,558
f4,3,2,1,558
h5,3,3,0,558
f2,3,3,0,558
f4,4,2,2,558
f4,4,2,2,558
h5,2,2,0,559
h5,2,2,0,559
h1,4,0,4,559
h3,4,4,0,559
h1,4,0,4,559
h3,5,5,0,559
f3,4,4,0,559
f1,4,3,1,559
f1,4,3,1,559
f5,5,3,2,559
h1,0,0,0,560
h5,0,0,0,560
h1,0,0,0,560
f1,0,0,0,560
f2,0,0,0,560
f2,1,1,0,560
f3,3,3,0,560
h3,3,2,1,560
h3,2,1,1,560
f5,0,0,0,561
h4,0,0,0,561
f2,2,2,0,561
h4,3,3,0,561
h2,3,3,0,561
f3,2,2,0,561
h4,2,2,0,561
h2,2,2,0,562
f2,4,4,0,562
h1,5,0,5,562
f2,5,5,0,562
f5,5,3,2,562
h1,6,0,6,562
h1,6,0,6,562
f4,6,6,0,562
h5,7,6,1,562
f5,2,1,1,563
f5,2,1,1,563
f2,1,0,1,563
f2,1,0,1,563
h3,2,1,1,563
f2,4,3,1,563
f3,3,2,1,563
f3,3,2,1,563
f2,4,3,1,563
h1,2,0,2,564
h3,2,2,0,564
f4,3,3,0,564
f2,2,2,0,564
h1,4,0,4,564
h2,5,4,1,564
f5,5,4,1,564
f4,1,1,0,565
f4,1,1,0,565
h2,1,1,0,565
f3,0,0,0,565
f5,0,0,0,565
f2,0,0,0,565
h1,1,0,1,565
f2,2,2,0,565
f2,4,3,1,565
f4,0,0,0,566
f4,2,1,1,566
h5,3,2,1,566
h1,3,0,3,566
h3,5,4,1,566
h1,4,0,4,566
f4,4,3,1,566
h5,5,4,1,566
h5,4,3,1,566
h5,0,0,0,567
h3,2,1,1,567
f4,3,2,1,567
h5,5,4,1,567
h2,5,3,2,567
h3,5,4,1,567
h2,2,1,1,568
h1,3,0,3,568
h2,2,1,1,568
h3,3,3,0,568
f1,3,2,1,568
f4,2,1,1,568
f4,1,0,1,568
f4,1,0,1,568
h1,0,0,0,570
h1,0,0,0,570
f3,1,1,0,570
h3,1,1,0,570
f3,1,1,0,570
h5,1,1,0,570
f2,1,1,0,570
f1,2,2,0,570
f2,1,1,0,570
f3,1,1,0,570
f3,2,2,0,571
f4,3,2,1,571
h3,2,2,0,571
f5,4,2,2,571
f5,4,2,2,571
f5,5,2,3,571
h1,5,0,5,571
f4,7,4,3,571
h3,7,6,1,571
h3,0,0,0,572
f3,0,0,0,572
h2,0,0,0,572
h5,1,1,0,572
f1,1,1,0,572
f4,0,0,0,572
h1,2,0,2,572
h5,2,2,0,572
h1,2,0,2,572
h2,2,1,1,572
f2,0,0,0,573
f2,2,1,1,573
f1,2,1,1,573
h2,3,2,1,573
h1,2,0,2,573
f2,2,1,1,573
f4,3,1,2,573
h2,3,2,1,573
h3,3,2,1,573
h3,0,0,0,574
f2,1,1,0,574
h3,1,1,0,574
h1,0,0,0,574
f3,4,3,1,574
h5,4,3,1,574
h5,4,3,1,574
f1,0,0,0,575
f2,0,0,0,575
h3,1,1,0,575
f4,1,1,0,575
h1,0,0,0,575
f4,0,0,0,575
f4,0,0,0,575
h4,5,4,1,575
h3,4,3,1,575
f1,1,1,0,576
h3,1,1,0,576
f3,1,1,0,576
f3,2,2,0,576
h5,2,2,0,576
h5,4,4,0,576
h2,4,3,1,576
f1,0,0,0,577
f4,0,0,0,577
h4,1,1,0,577
h5,2,2,0,577
h1,2,0,2,577
h1,2,0,2,577
f5,2,2,0,577
h5,4,4,0,577
f2,4,4,0,577
f3,4,4,0,577
h3,1,1,0,578
h1,2,0,2,578
h2,2,2,0,578
h3,2,2,0,578
f3,2,2,0,578
h5,3,3,0,578
f3,3,3,0,578
h5,2,2,0,579
h3,2,2,0,579
h3,3,3,0,579
f2,5,4,1,579
f2,5,4,1,579
h4,6,5,1,579
h5,6,5,1,579
h2,5,3,2,579
h5,6,5,1,579
h1,0,0,0,580
f2,0,0,0,580
f2,1,1,0,580
f3,2,2,0,580
h3,3,3,0,580
f2,4,3,1,580
h3,5,4,1,580
f3,4,3,1,580
f1,4,3,1,580
h1,0,0,0,581
h5,3,2,1,581
h5,4,3,1,581
f2,4,3,1,581
h3,4,3,1,581
f3,4,3,1,581
h1,4,0,4,581
h2,5,3,2,581
h5,5,4,1,581
h1,0,0,0,582
f5,1,1,0,582
h4,1,1,0,582
f4,3,1,2,582
h1,0,0,0,583
f3,1,1,0,583
h5,2,2,0,583
f3,5,4,1,583
h3,4,3,1,583
h5,5,4,1,583
h3,0,0,0,584
h1,3,0,3,584
h4,4,4,0,584
h5,4,4,0,584
h3,3,3,0,584
h3,4,4,0,584
h3,6,6,0,584
f4,6,5,1,584
h5,0,0,0,585
f5,1,1,0,585
h2,1,1,0,585
f2,1,1,0,585
h5,2,2,0,585
f1,1,1,0,585
f2,2,2,0,585
h5,2,2,0,585
f2,0,0,0,586
h1,0,0,0,586
h5,4,3,1,586
h4,0,0,0,587
f4,0,0,0,587
h3,0,0,0,587
f4,1,1,0,587
h5,1,1,0,587
h5,1,1,0,587
f3,0,0,0,587
f5,1,0,1,587
f1,2,1,1,587
h1,1,0,1,587
h1,0,0,0,588
h1,1,0,1,588
h5,2,2,0,588
f2,2,2,0,588
f2,2,2,0,588
f1,2,1,1,588
f2,2,2,0,588
h4,1,1,0,588
h3,2,2,0,588
f3,3,3,0,588
f5,1,1,0,589
h4,1,1,0,589
f4,1,0,1,589
f2,1,1,0,589
f3,1,1,0,589
f3,1,1,0,589
h5,1,1,0,589
h1,0,0,0,589
h5,0,0,0,589
h3,1,0,1,590
f1,3,2,1,590
h1,3,0,3,590
f1,4,2,2,590
f3,7,6,1,590
h1,6,0,6,590
f1,6,4,2,590
f1,7,5,2,590
h5,8,7,1,590
f2,0,0,0,591
f3,2,2,0,591
f1,2,2,0,591
f4,2,2,0,591
h4,3,3,0,591
h4,3,3,0,591
h3,0,0,0,592
h5,0,0,0,592
f3,2,1,1,592
h4,2,1,1,592
f4,1,0,1,592
f4,1,0,1,592
f2,2,1,1,592
f2,3,2,1,592
f1,3,2,1,592
f1,1,0,1,593
f1,1,0,1,593
h3,2,1,1,593
h5,2,1,1,593
f1,1,0,1,593
h1,1,0,1,593
h5,3,2,1,593
f4,3,1,2,593
f1,0,0,0,594
h2,0,0,0,594
f2,0,0,0,594
h3,0,0,0,594
f2,0,0,0,594
f2,1,1,0,594
h3,3,3,0,594
f1,4,4,0,594
f3,3,3,0,594
h3,3,3,0,595
f2,3,3,0,595
f2,3,3,0,595
h5,3,3,0,595
h5,4,4,0,595
h3,4,4,0,595
f5,5,3,2,595
h3,5,5,0,595
h3,5,5,0,595
f3,3,3,0,596
f1,4,3,1,596
f4,3,2,1,596
f4,3,2,1,596
f5,0,0,0,597
h2,0,0,0,597
h2,1,1,0,597
f2,4,4,0,597
f3,3,3,0,597
h2,3,2,1,597
f3,5,5,0,597
f4,5,4,1,597
f4,5,4,1,597
h3,1,1,0,598
h5,2,2,0,598
h3,2,2,0,598
f4,2,2,0,598
h1,4,0,4,598
h5,3,3,0,598
f5,5,3,2,598
h1,6,0,6,598
f3,5,5,0,598
f1,0,0,0,599
h2,0,0,0,599
h4,1,1,0,599
f1,1,1,0,599
h3,0,0,0,599
f2,3,3,0,599
f2,3,3,0,599
f4,3,3,0,599
f4,3,3,0,599
h5,4,4,0,599
h3,3,3,0,600
f3,2,2,0,600
f3,2,2,0,600
h4,3,3,0,600
h2,3,2,1,600
f4,2,2,0,600
h1,3,0,3,600
f5,5,3,2,600
f2,0,0,0,601
h3,2,1,1,601
f2,1,0,1,601
f2,2,1,1,601
h1,2,0,2,601
h3,4,3,1,601
f2,4,3,1,601
f3,5,4,1,601
h5,5,4,1,601
f1,0,0,0,602
f4,1,1,0,602
h1,0,0,0,602
f2,2,2,0,602
h5,2,2,0,602
f4,2,2,0,602
h5,3,2,1,602
f5,2,1,1,602
h5,2,1,1,602
f1,1,0,1,602
f4,2,1,1,603
h1,2,0,2,603
h3,2,2,0,603
f1,1,1,0,603
h3,2,2,0,603
h5,2,2,0,603
f4,1,0,1,603
h3,0,0,0,604
f5,0,0,0,604
f1,1,1,0,604
f4,2,2,0,604
h5,3,3,0,604
f3,3,3,0,604
f5,2,1,1,605
f2,2,1,1,605
f4,2,1,1,605
f1,3,2,1,605
f2,1,0,1,605
f5,2,1,1,605
h1,0,0,0,605
h1,0,0,0,605
f1,1,0,1,605
f4,4,2,2,605
f4,1,1,0,606
f5,1,1,0,606
h1,0,0,0,607
f3,1,1,0,607
h5,2,2,0,607
f1,2,2,0,607
f4,1,1,0,607
f2,1,1,0,607
h2,3,2,1,607
h5,2,2,0,607
f2,4,4,0,607
f5,2,1,1,608
f1,3,2,1,608
h3,3,3,0,608
f3,3,3,0,608
h4,3,3,0,608
h4,5,5,0,608
f4,5,3,2,608
f5,5,4,1,608
f4,0,0,0,609
f2,2,2,0,609
h1,2,0,2,609
h5,4,3,1,609
f5,5,3,2,609
f5,4,2,2,609
f1,3,2,1,609
f2,4,3,1,609
h5,4,3,1,609
h5,5,4,1,609
f3,0,0,0,610
f3,0,0,0,610
h5,1,1,0,610
h1,1,0,1,610
f1,1,1,0,610
h5,0,0,0,610
f4,3,3,0,610
f5,4,2,2,610
f5,0,0,0,611
f4,2,1,1,611
f2,2,2,0,611
f2,2,2,0,611
h5,2,2,0,611
h2,1,0,1,611
h3,2,2,0,611
h5,4,4,0,611
f5,1,1,0,612
f2,0,0,0,613
h3,0,0,0,613
h1,1,0,1,613
h1,1,0,1,613
f5,2,1,1,613
h1,3,0,3,613
f4,4,3,1,613
h3,4,4,0,613
f4,4,3,1,613
h5,2,2,0,614
h1,2,0,2,614
f2,1,1,0,614
h5,2,2,0,614
h1,4,0,4,614
h5,1,1,0,615
h3,2,2,0,615
h1,4,0,4,615
h3,3,3,0,615
f4,4,3,1,615
h5,3,3,0,615
h3,2,2,0,615
f4,1,1,0,616
f2,0,0,0,616
h1,2,0,2,616
h3,3,3,0,616
h4,3,3,0,616
h1,4,0,4,616
h5,3,3,0,616
h3,4,4,0,616
h2,3,2,1,616
h3,3,3,0,616
f4,0,0,0,617
f4,0,0,0,617
h5,0,0,0,617
f1,0,0,0,617
f4,0,0,0,617
h3,0,0,0,617
h1,3,0,3,617
f1,3,3,0,617
f1,4,3,1,617
f1,0,0,0,618
f1,0,0,0,618
f3,0,0,0,618
h4,4,3,1,618
h3,4,3,1,618
h5,4,3,1,618
h3,4,3,1,618
h5,4,3,1,618
h3,5,4,1,618
f2,0,0,0,619
f4,3,2,1,619
f3,5,4,1,619
f4,6,3,3,619
h1,5,0,5,619
h1,5,0,5,619
f4,6,3,3,619
f1,0,0,0,620
h5,0,0,0,620
h4,1,0,1,620
f5,2,1,1,620
h3,2,1,1,620
f3,1,0,1,620
f4,1,0,1,620
f4,1,0,1,620
h4,2,1,1,620
h1,0,0,0,621
h3,0,0,0,621
h5,0,0,0,621
h3,0,0,0,621
f3,0,0,0,621
h3,0,0,0,621
f5,1,0,1,621
f3,0,0,0,622
f3,3,3,0,622
f4,4,3,1,622
f5,4,3,1,622
f2,3,3,0,622
f4,3,2,1,622
f3,4,4,0,622
h4,4,4,0,622
f2,0,0,0,623
h5,1,1,0,623
f2,1,1,0,623
h5,2,2,0,623
h3,2,2,0,623
h4,3,3,0,623
h5,2,2,0,623
h3,2,2,0,623
f1,2,1,1,623
f3,2,2,0,623
h2,0,0,0,624
h2,2,1,1,624
h3,3,3,0,624
f2,3,3,0,624
h2,4,4,0,624
f2,3,3,0,624
h4,1,1,0,625
f4,2,2,0,625
f5,3,2,1,625
h1,4,0,4,625
h1,4,0,4,625
f3,3,3,0,625
f4,4,3,1,625
h1,3,0,3,626
h4,4,4,0,626
f5,4,3,1,626
h1,4,0,4,626
h4,5,5,0,626
h3,5,5,0,626
h5,5,5,0,626
f5,5,4,1,626
h5,5,5,0,626
f2,1,1,0,627
f2,1,1,0,627
h4,2,2,0,627
h1,2,0,2,627
h2,4,3,1,627
h4,4,3,1,627
h5,3,2,1,627
h3,3,2,1,627
f3,3,2,1,627
h4,2,1,1,627
f4,2,1,1,628
f5,2,2,0,628
h1,2,0,2,628
f3,3,3,0,628
h5,4,4,0,628
f1,3,2,1,628
f2,3,3,0,628
h3,1,1,0,630
h3,1,1,0,630
h5,1,1,0,630
h4,1,1,0,630
h1,0,0,0,630
f2,4,4,0,630
f4,0,0,0,631
h4,3,2,1,631
h4,5,4,1,631
h2,4,3,1,631
f1,5,4,1,631
f5,4,1,3,631
f2,6,5,1,631
f1,0,0,0,632
h3,1,1,0,632
f4,2,2,0,632
h5,2,2,0,632
h4,1,1,0,632
f1,2,2,0,632
h5,2,2,0,632
f4,2,2,0,632
h5,2,2,0,632
h2,2,2,0,632
h2,0,0,0,633
h2,0,0,0,633
f5,0,0,0,633
h3,2,2,0,633
f4,2,2,0,633
f1,3,3,0,633
f5,4,3,1,633
f1,4,4,0,633
h1,6,0,6,633
h3,1,1,0,634
f4,4,3,1,634
f4,4,3,1,634
h1,3,0,3,634
f3,3,3,0,634
h4,4,4,0,634
f5,4,2,2,634
f3,4,4,0,634
h1,0,0,0,635
f1,0,0,0,635
f1,0,0,0,635
f2,2,2,0,635
h5,2,2,0,635
h1,3,0,3,635
h3,4,4,0,635
h4,4,4,0,635
f2,1,1,0,636
f3,0,0,0,636
f5,2,2,0,636
f1,3,1,2,636
f2,4,3,1,636
h5,4,3,1,636
f3,6,5,1,636
h5,5,4,1,636
h5,1,1,0,637
h4,1,1,0,637
f4,1,1,0,637
h5,0,0,0,637
h5,0,0,0,637
f3,0,0,0,637
h3,1,1,0,637
f5,1,0,1,637
f2,1,1,0,638
f4,1,0,1,638
f2,3,2,1,638
f2,3,2,1,638
h2,2,1,1,638
f2,1,0,1,638
h5,2,1,1,638
h1,2,0,2,638
h2,4,4,0,639
f1,4,4,0,639
h5,4,4,0,639
f1,5,5,0,639
h2,5,5,0,639
h1,5,0,5,639
f4,4,4,0,639
h2,0,0,0,640
f2,2,2,0,640
h5,2,2,0,640
f1,2,1,1,640
f2,1,1,0,640
f2,5,5,0,640
f3,5,5,0,640
h3,7,6,1,640
f4,6,3,3,640
h4,0,0,0,641
h2,0,0,0,641
f2,0,0,0,641
f2,2,2,0,641
h5,3,3,0,641
h3,3,3,0,641
f3,4,3,1,641
f3,3,3,0,642
f3,4,4,0,642
f3,5,5,0,642
f4,4,3,1,642
f1,0,0,0,643
h1,0,0,0,643
f1,0,0,0,643
f5,2,2,0,643
h1,3,0,3,643
h3,3,3,0,643
f3,3,3,0,643
f3,3,3,0,643
h1,0,0,0,644
h1,0,0,0,644
h5,1,1,0,644
h1,1,0,1,644
f2,1,1,0,644
h1,1,0,1,644
f1,3,3,0,644
f4,5,3,2,644
h5,4,4,0,644
f1,1,1,0,645
f2,2,2,0,645
h4,2,2,0,645
f1,1,1,0,645
h3,2,2,0,645
f2,3,3,0,645
h4,4,4,0,645
f2,1,1,0,646
f4,3,3,0,646
f5,2,0,2,646
f3,3,3,0,646
f5,3,1,2,646
h3,0,0,0,647
f4,0,0,0,647
h2,0,0,0,647
f4,0,0,0,647
h3,0,0,0,647
h3,1,1,0,647
f2,2,2,0,648
f2,2,2,0,648
h3,3,3,0,648
h3,3,3,0,648
h2,3,3,0,648
f3,2,2,0,648
f5,1,0,1,648
h5,2,2,0,648
f3,1,1,0,649
f4,0,0,0,649
f4,0,0,0,649
f2,0,0,0,649
h3,0,0,0,649
h1,2,0,2,649
f4,2,1,1,649
h5,5,5,0,649
f2,5,5,0,649
f4,3,2,1,650
h5,3,3,0,650
f2,3,3,0,650
h3,4,4,0,650
f5,5,3,2,650
h1,5,0,5,650
f1,5,3,2,650
h5,5,4,1,650
f2,1,1,0,651
h5,1,1,0,651
h4,1,1,0,651
h5,2,2,0,651
h5,3,3,0,651
h2,4,3,1,651
f4,3,2,1,651
f4,3,2,1,651
f4,6,3,3,651
h5,7,6,1,651
h1,0,0,0,652
h5,2,2,0,652
h1,1,0,1,652
h3,1,1,0,652
f3,2,2,0,652
f4,3,2,1,652
h5,3,3,0,652
h2,2,2,0,652
h5,4,4,0,652
h2,0,0,0,653
f2,1,1,0,653
h2,1,1,0,653
h1,3,0,3,653
h3,4,4,0,653
f1,4,4,0,653
f4,6,4,2,653
h3,5,5,0,653
h3,0,0,0,654
h1,2,0,2,654
h1,2,0,2,654
f2,2,2,0,654
f1,4,4,0,654
f1,4,4,0,654
h2,4,4,0,654
h4,4,4,0,654
h5,3,3,0,654
h5,1,1,0,655
h4,1,1,0,655
h3,2,2,0,655
h5,2,2,0,655
h2,2,2,0,655
f2,2,2,0,655
h1,2,0,2,655
h1,3,0,3,655
h5,3,3,0,655
h3,1,1,0,656
f1,2,1,1,656
h2,3,1,2,656
h5,3,2,1,656
f1,3,1,2,656
f2,2,1,1,656
h3,2,1,1,656
f2,1,0,1,656
h2,1,0,1,656
f3,1,0,1,656
f3,1,0,1,657
h2,1,0,1,657
f4,1,0,1,657
h5,2,1,1,657
h3,3,2,1,657
h5,3,2,1,657
f3,3,2,1,657
f4,4,1,3,657
f2,4,3,1,657
h5,5,4,1,657
f5,0,0,0,658
f1,0,0,0,658
h3,1,0,1,658
h1,0,0,0,658
f3,1,0,1,658
h2,1,0,1,658
f2,1,0,1,658
f1,2,1,1,658
f5,2,1,1,658
f2,1,0,1,658
h3,2,2,0,659
h5,5,5,0,659
h1,5,0,5,659
f2,5,5,0,659
h3,4,4,0,659
h5,6,6,0,659
h1,6,0,6,659
h3,5,5,0,659
h3,0,0,0,660
f4,0,0,0,660
h4,1,1,0,660
h4,0,0,0,660
h1,0,0,0,660
h4,1,1,0,660
f3,2,2,0,660
f3,1,1,0,660
f4,0,0,0,660
f3,1,1,0,661
h3,1,1,0,661
h5,2,2,0,661
h3,4,4,0,661
h4,5,5,0,661
h1,6,0,6,661
f2,6,6,0,661
h2,5,4,1,661
f4,6,4,2,661
h5,6,6,0,661
h1,1,0,1,662
f1,0,0,0,662
f2,2,2,0,662
f5,3,2,1,662
f5,3,2,1,662
h5,1,1,0,663
f1,1,1,0,663
h5,1,1,0,663
h1,2,0,2,663
h5,1,1,0,663
h5,1,1,0,663
h4,2,2,0,663
f4,0,0,0,664
f4,0,0,0,664
f4,1,1,0,664
h3,1,1,0,664
f3,0,0,0,664
h5,1,1,0,664
h4,3,3,0,664
f1,0,0,0,665
f5,1,1,0,665
h5,2,2,0,665
f4,2,2,0,665
h3,4,4,0,665
h4,2,2,0,665
f4,2,2,0,665
h4,1,1,0,665
f3,0,0,0,666
h5,1,1,0,666
f1,2,1,1,666
f4,1,1,0,666
f2,2,2,0,666
f3,3,3,0,666
h5,3,3,0,666
f2,2,2,0,666
f5,4,3,1,666
h4,3,3,0,667
h5,3,3,0,667
h5,3,3,0,667
h5,2,2,0,667
h5,2,2,0,667
h4,3,3,0,667
h2,0,0,0,668
h5,0,0,0,668
h3,1,1,0,668
h5,0,0,0,668
h4,1,1,0,668
f4,1,1,0,668
h1,1,0,1,668
h4,4,4,0,668
h1,0,0,0,669
f4,0,0,0,669
h3,0,0,0,669
h4,3,2,1,669
h5,3,2,1,669
f2,3,2,1,669
f2,3,2,1,669
f2,3,2,1,669
h5,4,3,1,669
h5,0,0,0,670
h1,0,0,0,670
h5,1,1,0,670
f1,0,0,0,670
h3,1,1,0,670
f3,2,2,0,670
h1,2,0,2,670
h3,2,2,0,670
f4,3,2,1,670
f4,0,0,0,671
f2,0,0,0,671
h5,0,0,0,671
f2,1,1,0,671
f2,1,1,0,671
h3,2,2,0,671
f4,3,3,0,671
f3,4,4,0,671
f3,4,4,0,671
h2,0,0,0,672
h5,1,1,0,672
h2,2,2,0,672
h5,2,2,0,672
f3,2,2,0,672
f1,2,2,0,672
h4,4,4,0,672
h5,4,4,0,672
h1,1,0,1,673
f1,1,1,0,673
h2,1,1,0,673
h3,1,1,0,673
h3,1,1,0,673
f3,1,1,0,673
f3,1,1,0,673
h5,2,2,0,673
h3,2,2,0,673
f4,1,1,0,673
f3,0,0,0,674
h5,0,0,0,674
h1,0,0,0,674
h1,1,0,1,674
f2,1,1,0,674
f1,1,1,0,674
h5,1,1,0,674
h5,4,4,0,674
h3,3,3,0,674
f4,4,3,1,674
h3,2,2,0,675
h5,3,3,0,675
h2,3,3,0,675
f2,4,4,0,675
f4,4,3,1,675
h3,5,5,0,675
h1,4,0,4,675
f4,3,3,0,675
f2,0,0,0,676
h3,0,0,0,676
h5,4,4,0,676
h5,4,4,0,676
h3,3,3,0,676
h1,4,0,4,676
h5,6,6,0,676
h3,0,0,0,677
f4,0,0,0,677
h1,1,0,1,677
h5,2,2,0,677
f2,3,3,0,677
h5,2,2,0,677
f2,3,3,0,677
h1,0,0,0,678
h2,0,0,0,678
h3,0,0,0,678
f1,1,0,1,678
f2,2,1,1,678
h5,2,1,1,678
f2,2,1,1,678
f1,2,0,2,678
h1,3,0,3,678
h1,4,0,4,678
h5,0,0,0,679
h1,0,0,0,679
h3,0,0,0,679
h1,3,0,3,679
h4,5,4,1,679
h3,1,1,0,680
f2,1,1,0,680
h3,1,1,0,680
h1,0,0,0,680
f3,3,2,1,680
h5,3,2,1,680
h4,3,2,1,680
h5,2,1,1,680
h3,2,1,1,680
f1,4,3,1,681
h3,4,3,1,681
h5,4,3,1,681
h4,4,3,1,681
h1,3,0,3,681
f3,3,2,1,681
f2,3,2,1,681
f2,2,1,1,681
f3,2,1,1,681
h4,1,1,0,682
h3,3,3,0,682
f4,2,1,1,682
h1,2,0,2,682
h1,4,0,4,682
h4,4,4,0,682
f4,3,1,2,682
f1,3,2,1,682
h5,1,1,0,683
f3,0,0,0,683
f5,0,0,0,683
h1,0,0,0,683
h5,1,1,0,683
f4,2,1,1,683
h3,4,4,0,683
f4,3,3,0,684
h4,3,3,0,684
f4,3,3,0,684
f5,2,1,1,684
h3,3,3,0,684
f2,2,2,0,684
h5,2,2,0,684
f1,2,2,0,684
h5,2,2,0,684
f3,1,0,1,685
h5,2,1,1,685
f2,4,3,1,685
h3,4,3,1,685
f3,5,4,1,685
h5,0,0,0,686
h1,0,0,0,686
f4,0,0,0,686
f1,0,0,0,686
h2,0,0,0,686
f5,1,1,0,686
h5,2,2,0,686
h1,3,0,3,686
h3,3,3,0,686
h5,3,3,0,686
h5,0,0,0,687
h3,0,0,0,687
h5,0,0,0,687
h2,0,0,0,687
f2,0,0,0,687
f3,1,1,0,688
f1,1,1,0,688
h5,5,5,0,688
h4,4,4,0,688
h5,6,6,0,688
f1,6,5,1,688
f2,1,1,0,689
h3,0,0,0,689
f5,0,0,0,689
h3,2,2,0,689
f4,3,3,0,689
h5,3,3,0,689
h5,3,3,0,689
h3,2,2,0,690
f4,2,1,1,690
h5,0,0,0,691
f3,3,3,0,691
f3,3,3,0,691
h5,5,5,0,691
f2,6,6,0,691
h3,6,6,0,691
f1,0,0,0,692
h4,0,0,0,692
h5,0,0,0,692
h3,5,5,0,692
h5,5,5,0,692
f5,4,3,1,692
h2,4,3,1,692
h5,6,6,0,692
h1,0,0,0,693
f4,0,0,0,693
f1,0,0,0,693
f3,0,0,0,693
h3,1,1,0,693
h1,2,0,2,693
f1,1,1,0,693
h5,3,3,0,693
f1,3,2,1,693
h1,0,0,0,694
h2,2,2,0,694
h3,3,3,0,694
h3,3,3,0,694
h5,3,3,0,694
f5,3,2,1,694
f3,2,2,0,694
f3,2,2,0,694
h3,1,1,0,695
f4,1,1,0,695
f1,2,2,0,695
f1,2,2,0,695
f3,2,2,0,695
f2,3,3,0,695
f3,3,3,0,695
h1,2,0,2,695
f3,3,2,1,695
h3,1,1,0,696
h4,2,2,0,696
h5,1,1,0,696
f2,3,3,0,696
f1,2,2,0,696
h5,2,1,1,697
f2,2,1,1,697
f2,1,0,1,697
h5,1,0,1,697
f2,1,0,1,697
h1,0,0,0,697
f2,1,0,1,697
f2,2,1,1,697
f2,3,2,1,697
f2,3,2,1,697
h3,1,1,0,698
h5,2,2,0,698
h1,2,0,2,698
f1,1,1,0,698
h3,1,1,0,698
f2,1,1,0,698
h4,0,0,0,698
h3,0,0,0,698
h5,1,1,0,698
h3,2,1,1,698
h3,3,3,0,699
f5,2,1,1,699
f2,4,4,0,699
h3,4,4,0,699
h1,3,0,3,699
f4,1,1,0,700
f2,0,0,0,701
h3,0,0,0,701
h3,1,0,1,701
f3,1,0,1,701
f1,1,0,1,701
f2,1,0,1,701
f2,1,0,1,701
h5,1,0,1,701
f3,1,0,1,701
h2,0,0,0,702
f5,0,0,0,702
f3,2,2,0,702
h4,2,2,0,702
h5,2,2,0,702
h1,4,0,4,702
f5,4,3,1,702
f5,4,3,1,702
h2,1,1,0,703
h5,1,1,0,703
h3,1,1,0,703
h3,1,1,0,703
f4,0,0,0,703
h5,0,0,0,703
f4,5,3,2,703
h3,0,0,0,704
h5,0,0,0,704
h5,0,0,0,704
f4,0,0,0,704
h5,0,0,0,704
h3,0,0,0,704
f2,0,0,0,704
f2,1,1,0,704
h5,1,1,0,704
f1,0,0,0,705
f4,1,1,0,705
h5,1,1,0,705
h3,1,1,0,705
f4,2,1,1,705
h3,3,3,0,705
f4,3,2,1,705
f4,4,2,2,705
h4,4,4,0,705
f2,0,0,0,706
f3,1,1,0,706
h4,2,2,0,706
f4,2,2,0,706
h5,2,2,0,706
f3,2,1,1,706
h5,5,4,1,706
h4,0,0,0,707
f4,1,1,0,707
f1,1,1,0,707
h1,1,0,1,707
h5,2,2,0,707
h1,3,0,3,707
f2,2,2,0,707
h1,3,0,3,707
h5,4,4,0,707
f4,1,1,0,708
h3,1,1,0,708
h5,1,1,0,708
h1,0,0,0,708
f4,1,1,0,708
f5,2,1,1,708
f1,2,1,1,708
f1,1,0,1,708
f1,1,0,1,708
f3,1,1,0,708
f4,2,2,0,709
h4,2,2,0,709
h5,2,2,0,709
f2,1,1,0,709
f3,1,1,0,709
f2,1,1,0,709
h4,2,2,0,709
f1,2,2,0,709
h3,2,2,0,709
f5,1,1,0,710
h3,0,0,0,710
h5,1,1,0,710
h3,2,2,0,710
h3,1,1,0,710
f1,1,0,1,710
h5,2,2,0,710
f4,2,1,1,710
h1,2,0,2,710
f1,3,2,1,711
h3,4,3,1,711
f4,4,1,3,711
h5,4,3,1,711
h5,4,3,1,711
f2,3,2,1,711
h4,4,3,1,711
f4,4,2,2,711
f1,0,0,0,712
h5,1,1,0,712
h3,1,1,0,712
h5,1,1,0,712
h4,3,2,1,712
f3,3,2,1,712
f4,3,1,2,712
f3,3,2,1,712
h3,1,1,0,713
h1,1,0,1,713
h1,1,0,1,713
h3,4,3,1,713
h5,5,4,1,713
h5,0,0,0,714
h4,1,1,0,714
f2,1,0,1,714
h2,2,1,1,714
h2,2,1,1,714
f2,1,0,1,714
h4,2,1,1,714
h5,2,1,1,714
h2,0,0,0,715
f5,0,0,0,715
h2,0,0,0,715
f2,0,0,0,715
f3,0,0,0,715
h5,0,0,0,715
f1,1,1,0,715
h2,1,1,0,715
f5,1,1,0,715
h2,0,0,0,716
f3,2,2,0,716
f4,3,2,1,716
f4,3,2,1,716
h1,4,0,4,716
h3,4,4,0,716
h1,5,0,5,716
h5,5,5,0,716
h5,0,0,0,717
h3,0,0,0,717
h4,2,2,0,717
h2,2,1,1,717
h1,2,0,2,717
f5,2,1,1,717
h1,1,0,1,717
f2,2,2,0,717
h3,0,0,0,719
f3,0,0,0,719
h5,2,2,0,719
h1,2,0,2,719
h2,3,2,1,719
h4,2,2,0,719
f2,2,2,0,719
f3,2,2,0,719
f4,0,0,0,720
f5,0,0,0,720
f1,0,0,0,720
f1,0,0,0,720
f1,0,0,0,720
f2,0,0,0,720
h5,2,2,0,720
f5,2,1,1,720
f4,0,0,0,721
h1,3,0,3,721
f3,3,3,0,721
h3,3,3,0,721
h3,3,3,0,721
h2,4,4,0,721
f2,3,3,0,721
h3,0,0,0,722
f5,1,0,1,722
f3,2,2,0,722
f2,1,1,0,722
h3,3,3,0,722
f4,4,3,1,722
h3,4,4,0,722
h3,4,4,0,722
f5,3,2,1,722
h5,0,0,0,723
f1,1,1,0,723
f1,0,0,0,723
h2,0,0,0,723
f2,0,0,0,723
h3,0,0,0,723
h1,2,0,2,723
h5,3,3,0,723
f2,2,2,0,723
f5,3,2,1,723
h5,1,1,0,724
f1,1,1,0,724
h3,5,4,1,724
h5,5,4,1,724
h4,5,4,1,724
h3,5,4,1,724
h4,5,4,1,724
h4,4,3,1,724
h5,5,4,1,724
h5,6,5,1,724
f2,0,0,0,725
f3,0,0,0,725
f2,2,1,1,725
h2,4,3,1,725
f4,5,2,3,725
h2,4,3,1,725
h5,4,3,1,725
h3,0,0,0,726
h3,0,0,0,726
h1,0,0,0,726
h2,0,0,0,726
h5,4,4,0,726
h5,4,4,0,726
h4,5,5,0,726
h1,6,0,6,726
f1,5,4,1,726
f2,1,1,0,727
h4,3,3,0,727
h2,3,3,0,727
f4,5,4,1,727
h1,6,0,6,727
f4,5,4,1,727
f4,4,3,1,727
f2,3,3,0,727
h5,4,4,0,727
h5,1,1,0,728
h3,4,4,0,728
h4,4,4,0,728
h3,5,4,1,728
h3,4,3,1,728
f3,3,2,1,728
h3,4,3,1,728
f3,3,2,1,728
h4,4,3,1,728
h1,0,0,0,729
h5,4,4,0,729
h1,4,0,4,729
f4,4,2,2,729
h5,4,4,0,729
h3,4,4,0,729
h5,4,4,0,729
h5,4,4,0,729
f2,0,0,0,730
f4,1,1,0,730
h1,1,0,1,730
h2,1,1,0,730
h4,1,1,0,730
f4,1,1,0,730
h4,4,3,1,730
f4,3,1,2,730
f1,0,0,0,731
f4,0,0,0,731
h5,0,0,0,731
h2,1,1,0,731
f4,2,2,0,731
h3,5,5,0,731
h3,5,5,0,731
f4,4,4,0,731
f5,0,0,0,732
h2,0,0,0,732
h2,0,0,0,732
h1,0,0,0,732
f2,2,2,0,732
h4,3,3,0,732
f4,3,3,0,732
h5,4,4,0,732
h1,1,0,1,733
h1,1,0,1,733
f1,1,1,0,733
f2,2,2,0,733
h3,2,2,0,733
f5,4,3,1,733
f2,4,4,0,733
h5,4,4,0,733
f5,1,1,0,734
h3,0,0,0,734
h1,0,0,0,734
f3,0,0,0,734
f2,1,1,0,734
f4,2,2,0,734
h5,3,3,0,734
h1,4,0,4,734
h2,0,0,0,735
f1,1,1,0,735
h5,4,3,1,735
h1,0,0,0,736
h3,0,0,0,736
h2,2,2,0,736
f3,1,1,0,736
h4,4,4,0,736
h5,4,4,0,736
f3,3,3,0,736
f4,4,3,1,736
h3,0,0,0,737
h5,3,2,1,737
h5,3,2,1,737
h1,2,0,2,737
f3,3,2,1,737
h1,3,0,3,737
h3,5,4,1,737
h4,5,4,1,737
f1,0,0,0,738
f4,0,0,0,738
h3,4,4,0,738
h4,3,3,0,738
f5,2,1,1,738
f2,4,4,0,738
f5,3,2,1,738
f1,4,4,0,738
h1,5,0,5,738
h5,4,4,0,738
f1,0,0,0,739
h2,0,0,0,739
h2,0,0,0,739
h3,0,0,0,739
h3,1,1,0,739
f4,4,2,2,739
h5,4,3,1,739
f1,3,2,1,739
f4,4,2,2,739
f3,0,0,0,740
h4,0,0,0,740
h5,2,2,0,740
f2,3,3,0,740
h3,2,2,0,740
f1,4,4,0,740
h3,3,3,0,740
f4,4,4,0,740
f3,3,3,0,740
h1,0,0,0,741
f2,0,0,0,741
h2,0,0,0,741
f4,1,0,1,741
h3,2,2,0,741
f3,2,2,0,741
h5,2,2,0,741
h5,2,2,0,741
f1,2,1,1,741
f3,1,0,1,742
f2,1,0,1,742
f5,1,0,1,742
f4,2,0,2,742
h4,3,2,1,742
h4,4,3,1,742
h1,4,0,4,742
h3,5,4,1,742
h5,5,4,1,742
f2,0,0,0,743
h3,0,0,0,743
f2,1,1,0,743
h3,1,1,0,743
f1,2,1,1,743
h2,2,1,1,743
h1,3,0,3,743
h3,4,3,1,743
f2,0,0,0,744
f4,1,1,0,744
h5,2,2,0,744
h2,2,1,1,744
h3,2,2,0,744
h3,2,2,0,744
f4,2,2,0,744
h4,1,1,0,744
f1,2,1,1,744
h3,0,0,0,745
h1,1,0,1,745
f1,2,1,1,745
h5,4,4,0,745
h1,6,0,6,745
h1,0,0,0,746
f2,0,0,0,746
f3,1,1,0,746
h4,1,1,0,746
f4,1,0,1,746
h5,3,3,0,746
f3,3,3,0,746
h3,4,4,0,746
f3,4,4,0,746
h1,0,0,0,747
f4,0,0,0,747
f4,0,0,0,747
f4,0,0,0,747
f3,1,1,0,747
h5,1,1,0,747
h3,3,3,0,747
h5,3,3,0,747
h1,3,0,3,747
h4,2,2,0,747
h1,0,0,0,748
h1,1,0,1,748
f1,1,1,0,748
f4,3,2,1,748
h5,2,2,0,748
h5,3,3,0,748
h2,2,1,1,748
f1,2,1,1,748
f5,4,4,0,748
f4,3,1,2,748
f3,0,0,0,749
h3,0,0,0,749
f1,0,0,0,749
h3,2,1,1,749
h1,1,0,1,749
h4,3,2,1,749
h5,7,6,1,749
h1,6,0,6,749
h1,0,0,0,750
h4,3,3,0,750
f1,2,1,1,750
f3,3,3,0,750
f1,3,2,1,750
h3,3,3,0,750
h2,4,3,1,750
f2,0,0,0,751
h1,2,0,2,751
h5,2,2,0,751
h1,3,0,3,751
f1,3,2,1,751
f2,2,2,0,751
f3,3,3,0,751
h3,3,3,0,751
f2,3,3,0,751
f2,3,3,0,751
h1,1,0,1,752
h2,1,1,0,752
h3,1,1,0,752
h3,0,0,0,752
f3,0,0,0,752
f4,1,1,0,752
h2,3,2,1,752
f2,3,3,0,752
h1,0,0,0,753
h3,1,1,0,753
h1,1,0,1,753
h2,5,4,1,753
f2,4,3,1,753
f2,3,2,1,753
h2,3,2,1,753
f2,2,1,1,753
h1,0,0,0,754
f1,0,0,0,754
f4,0,0,0,754
h5,1,1,0,754
f1,1,0,1,754
h5,1,1,0,754
f5,1,1,0,754
f4,1,0,1,754
f3,4,3,1,754
f3,4,3,1,755
h5,6,5,1,755
f3,5,4,1,755
f4,6,4,2,755
h5,7,6,1,755
f2,6,5,1,755
h5,8,7,1,755
h1,0,0,0,756
f3,0,0,0,756
h2,0,0,0,756
h3,0,0,0,756
f3,0,0,0,756
f5,0,0,0,756
f1,0,0,0,756
h5,0,0,0,756
h3,1,1,0,757
h4,1,1,0,757
h5,0,0,0,757
h1,0,0,0,757
h4,0,0,0,757
h5,0,0,0,757
h3,1,1,0,757
f2,0,0,0,757
f4,1,1,0,757
f3,2,2,0,758
h4,3,3,0,758
h2,4,4,0,758
h4,5,5,0,758
h5,5,5,0,758
h3,4,4,0,758
f5,4,2,2,758
f5,2,2,0,759
f2,1,1,0,759
f2,2,2,0,759
h5,3,3,0,759
f1,4,2,2,759
f1,5,3,2,759
f3,6,5,1,759
h3,6,5,1,759
h3,0,0,0,760
h5,0,0,0,760
f1,1,1,0,760
f1,1,1,0,760
h4,3,2,1,760
f1,0,0,0,761
h3,1,1,0,761
h1,1,0,1,761
f3,1,1,0,761
h5,2,2,0,761
f5,2,1,1,761
f5,4,3,1,761
h3,5,5,0,761
h1,0,0,0,762
f1,0,0,0,762
h3,1,1,0,762
h3,1,1,0,762
f1,1,1,0,762
h1,1,0,1,762
h2,1,1,0,762
f3,2,2,0,762
h3,0,0,0,764
f1,4,3,1,764
f4,3,3,0,764
h3,4,4,0,764
h3,4,4,0,764
h3,3,3,0,764
h4,4,4,0,764
f2,5,4,1,764
h2,0,0,0,765
h3,0,0,0,765
h5,0,0,0,765
f3,0,0,0,765
f5,1,0,1,765
h1,3,0,3,765
h3,3,3,0,765
h5,3,3,0,765
h1,3,0,3,765
f4,2,1,1,765
h5,3,3,0,766
f4,2,1,1,766
f4,2,1,1,767
h1,3,0,3,767
h3,3,3,0,767
f3,2,2,0,767
f1,2,1,1,767
h4,3,3,0,767
h2,3,2,1,767
f2,2,2,0,767
h4,1,1,0,767
f4,0,0,0,767
f2,0,0,0,768
h2,1,1,0,768
h5,1,1,0,768
f5,1,0,1,768
h5,3,3,0,768
h2,4,3,1,768
f1,5,4,1,768
h2,2,2,0,769
h3,2,2,0,769
f4,2,2,0,769
h3,2,2,0,769
h5,2,2,0,769
f3,2,2,0,769
h3,2,2,0,769
h5,3,3,0,769
h1,0,0,0,770
f2,0,0,0,770
f2,0,0,0,770
f2,1,1,0,770
h2,2,1,1,770
f2,4,4,0,770
h3,4,4,0,770
f2,4,4,0,770
f4,0,0,0,771
f4,2,1,1,771
h5,2,1,1,771
f1,1,0,1,771
h3,1,0,1,771
f4,1,0,1,771
h3,2,1,1,771
f2,3,2,1,771
f3,0,0,0,772
f2,3,3,0,772
f2,3,3,0,772
h3,3,3,0,772
f4,2,2,0,772
h3,5,4,1,772
h1,4,0,4,772
f1,5,3,2,772
f2,4,3,1,772
h3,0,0,0,773
h5,1,1,0,773
f4,2,2,0,773
h5,2,2,0,773
f3,1,1,0,773
f5,1,0,1,773
f1,2,1,1,773
h5,2,1,1,773
f4,1,0,1,773
f2,3,2,1,773
f1,1,1,0,774
h5,1,1,0,774
f4,3,1,2,774
f4,3,1,2,774
h5,2,1,1,774
h2,1,0,1,774
f2,2,1,1,774
h5,5,4,1,774
h1,0,0,0,775
h1,3,0,3,775
f1,4,3,1,775
h5,4,4,0,775
h1,4,0,4,775
f5,5,2,3,775
f3,1,1,0,776
f3,2,1,1,776
f3,2,1,1,776
f1,2,1,1,776
h2,2,1,1,776
h1,0,0,0,776
h3,2,1,1,776
f1,4,2,2,776
f2,1,0,1,777
h1,0,0,0,777
f2,1,0,1,777
h3,1,0,1,777
h3,3,2,1,777
h3,3,2,1,777
h3,4,3,1,777
h4,0,0,0,778
h5,1,1,0,778
h2,2,1,1,778
h5,3,3,0,778
f4,2,2,0,778
h5,3,3,0,778
h3,2,2,0,778
h4,4,4,0,778
h5,4,4,0,778
h1,0,0,0,779
f2,0,0,0,779
h1,0,0,0,779
h5,4,4,0,779
f1,4,4,0,779
f4,5,3,2,779
f2,5,5,0,779
h2,0,0,0,780
h5,2,2,0,780
h5,4,4,0,780
h1,5,0,5,780
f3,5,5,0,780
h1,6,0,6,780
f4,5,5,0,780
f3,5,5,0,780
f4,0,0,0,781
h5,0,0,0,781
h1,0,0,0,781
f2,0,0,0,781
f1,1,1,0,781
f2,0,0,0,781
f4,2,2,0,781
h3,3,3,0,781
h5,3,3,0,781
f1,1,1,0,782
f2,1,1,0,782
f4,0,0,0,782
h3,0,0,0,782
f3,0,0,0,782
f4,0,0,0,782
h5,0,0,0,782
h3,1,1,0,782
f1,1,1,0,782
f2,1,1,0,783
f4,2,1,1,783
h3,4,4,0,783
f5,3,3,0,783
h3,5,5,0,783
h3,1,1,0,784
f2,1,1,0,784
f4,0,0,0,784
f3,1,1,0,784
h5,1,1,0,784
h5,3,3,0,784
h1,0,0,0,785
f5,0,0,0,785
f3,1,1,0,785
h5,0,0,0,785
f5,0,0,0,785
h2,2,2,0,785
f3,3,3,0,785
h5,6,5,1,785
f1,5,4,1,785
f5,6,4,2,785
h1,0,0,0,786
h1,2,0,2,786
h5,2,2,0,786
f1,1,1,0,786
f1,1,1,0,786
h3,2,2,0,786
f2,3,3,0,786
f4,5,3,2,786
f1,2,2,0,787
f1,2,2,0,787
h2,2,2,0,787
h5,2,2,0,787
h5,2,2,0,787
h4,4,3,1,787
h1,3,0,3,787
f2,0,0,0,788
h4,0,0,0,788
f4,0,0,0,788
h5,0,0,0,788
h5,0,0,0,788
h5,0,0,0,788
f2,0,0,0,788
h5,0,0,0,788
f1,3,3,0,789
h5,4,4,0,789
h4,4,4,0,789
h1,5,0,5,789
f2,4,4,0,789
f2,4,4,0,789
f1,5,5,0,789
f4,5,5,0,789
h5,0,0,0,790
h5,0,0,0,790
h5,0,0,0,790
h5,1,1,0,790
f5,0,0,0,790
h3,3,3,0,790
h4,3,3,0,790
f2,3,3,0,790
h1,4,0,4,790
f5,1,0,1,791
f4,1,1,0,791
f4,1,1,0,791
f4,1,1,0,791
f2,1,1,0,791
f3,0,0,0,791
f1,2,2,0,791
h2,3,3,0,791
f4,5,3,2,791
h2,4,4,0,791
h5,1,1,0,792
h1,1,0,1,792
f4,1,0,1,792
f5,2,2,0,792
h3,2,2,0,792
f2,2,2,0,792
f4,2,1,1,792
f4,2,1,1,792
h1,2,0,2,792
f2,2,2,0,792
h3,1,1,0,793
h1,3,0,3,793
f1,3,2,1,793
f2,3,3,0,793
f5,4,3,1,793
f4,3,2,1,793
h1,4,0,4,793
h3,3,3,0,793
h5,5,5,0,793
h5,5,5,0,793
h2,1,1,0,794
f1,0,0,0,794
h1,1,0,1,794
h1,1,0,1,794
f2,1,1,0,794
h1,3,0,3,794
h1,3,0,3,794
h3,3,3,0,794
h5,3,3,0,794
f3,4,4,0,794
f2,0,0,0,795
h1,0,0,0,795
h1,0,0,0,795
h1,0,0,0,795
h4,4,3,1,795
h5,3,2,1,795
h5,3,2,1,795
f2,3,2,1,795
h5,5,4,1,795
f2,0,0,0,796
h4,0,0,0,796
f1,0,0,0,796
h1,0,0,0,796
f4,0,0,0,796
f3,4,4,0,796
f2,4,4,0,796
h3,4,4,0,796
h5,1,1,0,797
h4,1,1,0,797
h1,0,0,0,797
f2,4,3,1,797
h4,4,3,1,797
h3,4,3,1,797
h4,4,3,1,797
h1,4,0,4,797
h2,4,3,1,797
f5,5,4,1,797
f2,0,0,0,798
f4,0,0,0,798
h3,0,0,0,798
f5,0,0,0,798
f5,0,0,0,798
f2,0,0,0,798
h3,0,0,0,798
f2,1,1,0,798
f1,0,0,0,799
f1,1,1,0,799
f1,2,1,1,799
f1,3,2,1,799
f2,3,3,0,799
h3,4,4,0,799
h5,5,5,0,799
h5,5,5,0,799
h4,1,1,0,800
h5,2,2,0,800
f4,3,2,1,800
h3,4,3,1,800
h3,4,3,1,800
f5,4,2,2,800
h1,2,0,2,800
h3,2,1,1,800
h3,1,0,1,800
h5,4,3,1,800
h2,0,0,0,801
f4,0,0,0,801
h1,0,0,0,801
f2,0,0,0,801
h1,0,0,0,801
f5,0,0,0,801
f5,0,0,0,801
f4,0,0,0,801
h5,2,1,1,802
f2,2,1,1,802
h5,2,1,1,802
h1,0,0,0,802
f2,2,1,1,802
h3,3,2,1,802
h5,3,2,1,802
h2,4,3,1,802
f4,4,2,2,802
h1,4,0,4,803
h1,4,0,4,803
h4,4,4,0,803
h1,4,0,4,803
f1,3,3,0,803
f4,4,3,1,803
h5,5,5,0,803
h1,6,0,6,803
f4,1,0,1,804
h1,2,0,2,804
h3,3,3,0,804
h2,3,2,1,804
h3,3,3,0,804
f3,3,3,0,804
h5,3,3,0,804
f2,3,3,0,804
f3,4,4,0,804
h3,1,0,1,805
f3,1,0,1,805
h5,3,2,1,805
f1,4,2,2,805
f4,3,2,1,805
h5,4,3,1,805
f5,4,2,2,805
h1,0,0,0,806
h4,0,0,0,806
f4,0,0,0,806
f4,0,0,0,806
f4,1,0,1,806
f4,2,1,1,806
h4,4,4,0,806
f5,0,0,0,807
f5,4,1,3,807
h1,3,0,3,807
h5,5,4,1,807
f5,5,3,2,807
h2,1,1,0,808
h5,2,2,0,808
h2,2,2,0,808
h1,2,0,2,808
h2,2,2,0,808
h1,2,0,2,808
h3,4,4,0,808
f2,1,0,1,809
f3,2,1,1,809
f4,2,1,1,809
f5,1,0,1,809
h3,2,1,1,809
f2,2,1,1,809
f1,2,1,1,809
h4,3,2,1,809
h5,4,3,1,809
h5,4,3,1,809
h1,0,0,0,810
f1,1,1,0,810
f1,1,1,0,810
h2,1,1,0,810
h3,3,3,0,810
f3,3,3,0,810
h1,3,0,3,810
f1,3,2,1,810
h2,5,4,1,811
f3,5,5,0,811
f4,4,3,1,811
h1,5,0,5,811
h1,6,0,6,811
f3,6,6,0,811
h5,6,6,0,811
f1,0,0,0,812
f3,0,0,0,812
f3,0,0,0,812
f5,0,0,0,812
h1,0,0,0,812
h1,0,0,0,812
h3,0,0,0,812
h1,0,0,0,812
f4,0,0,0,812
h3,0,0,0,813
f2,1,1,0,813
f2,1,1,0,813
h3,0,0,0,813
h5,3,3,0,813
f4,2,2,0,813
h5,2,2,0,813
h5,2,2,0,813
f4,1,1,0,813
h3,0,0,0,814
f1,0,0,0,814
f2,0,0,0,814
h3,1,1,0,814
h3,0,0,0,814
f1,1,1,0,814
h1,1,0,1,814
h4,0,0,0,814
h5,1,1,0,814
h3,1,1,0,814
h3,1,1,0,815
f4,1,0,1,815
f4,1,0,1,815
h1,1,0,1,815
h1,1,0,1,815
f4,2,1,1,815
h2,3,3,0,815
h2,4,3,1,815
h1,0,0,0,816
h2,3,3,0,816
h3,5,5,0,816
h5,5,5,0,816
h3,1,1,0,817
h5,2,2,0,817
h4,4,4,0,817
h4,4,4,0,817
f2,3,3,0,817
f5,2,2,0,817
h3,2,2,0,817
h5,2,2,0,817
h3,2,1,1,818
h3,4,3,1,818
f3,3,2,1,818
h3,4,3,1,818
h5,5,4,1,818
h3,3,3,0,819
h4,4,4,0,819
h4,4,4,0,819
h3,4,4,0,819
f3,3,3,0,819
h3,4,4,0,819
h3,4,4,0,819
h3,1,1,0,820
h3,1,1,0,820
h5,1,1,0,820
h5,1,1,0,820
f2,0,0,0,820
f3,0,0,0,820
f3,1,1,0,820
h4,2,2,0,820
h4,2,2,0,820
h5,1,1,0,820
f2,1,1,0,821
f3,1,1,0,821
h5,3,3,0,821
h3,2,2,0,822
f2,3,3,0,822
f2,4,4,0,822
h3,5,5,0,822
h3,5,5,0,822
f4,4,3,1,822
h1,5,0,5,822
h2,5,4,1,822
h2,0,0,0,823
h1,0,0,0,823
f4,2,1,1,823
h5,3,2,1,823
f5,4,2,2,823
f1,4,2,2,823
f4,5,4,1,823
h5,6,5,1,823
f2,0,0,0,824
h2,2,2,0,824
h4,2,2,0,824
h5,2,2,0,824
f4,1,1,0,824
f5,0,0,0,824
f3,1,1,0,824
f3,1,1,0,824
f3,1,1,0,824
h4,1,1,0,824
h3,2,1,1,825
f2,3,2,1,825
h4,4,3,1,825
f4,2,1,1,825
h5,3,2,1,825
h3,3,2,1,825
f3,4,3,1,825
f4,4,2,2,825
h5,3,2,1,826
h1,2,0,2,826
f2,2,1,1,826
h3,3,2,1,826
f2,2,1,1,826
h5,2,1,1,826
h1,1,0,1,826
h3,2,1,1,826
f4,4,2,2,826
h1,0,0,0,827
f1,0,0,0,827
f2,1,1,0,827
h5,4,4,0,827
h3,3,3,0,827
h3,4,4,0,827
h2,5,4,1,827
f3,4,4,0,827
h5,5,5,0,827
f2,0,0,0,828
h1,0,0,0,828
f2,0,0,0,828
h5,1,1,0,828
h5,1,1,0,828
h5,2,2,0,828
f3,1,1,0,828
h5,3,3,0,828
f3,1,0,1,829
f5,2,0,2,829
h1,1,0,1,829
h3,3,2,1,829
f2,4,3,1,829
f4,1,1,0,830
h1,1,0,1,830
f4,2,2,0,830
h2,2,2,0,830
f3,2,2,0,830
f2,4,4,0,830
h3,5,5,0,830
h3,0,0,0,831
h3,0,0,0,831
h3,1,0,1,831
f4,2,1,1,831
h1,3,0,3,831
h1,3,0,3,831
h1,4,0,4,831
h5,5,4,1,831
f1,0,0,0,832
f2,0,0,0,832
h3,0,0,0,832
f2,0,0,0,832
h3,2,2,0,832
h3,2,2,0,832
f2,3,2,1,832
h3,3,2,1,832
f4,3,2,1,832
f2,0,0,0,834
h4,1,1,0,834
h5,0,0,0,834
f2,2,2,0,834
h3,3,3,0,834
h3,3,3,0,834
f4,2,2,0,834
f1,3,2,1,834
h2,3,2,1,834
h1,4,0,4,834
f2,0,0,0,835
h3,2,2,0,835
f2,2,2,0,835
f4,3,1,2,835
f2,2,1,1,835
f2,2,1,1,835
h5,2,1,1,835
f5,3,0,3,835
f3,1,1,0,836
f1,3,3,0,836
h2,7,6,1,836
f3,6,6,0,836
h4,6,6,0,836
f3,7,6,1,836
h4,1,1,0,837
h3,2,1,1,837
f4,2,1,1,837
h5,5,4,1,837
f2,2,2,0,838
h1,2,0,2,838
f3,3,3,0,838
f4,2,1,1,838
h3,2,2,0,838
h1,5,0,5,838
f4,5,3,2,838
h1,0,0,0,839
h5,1,0,1,839
f3,1,0,1,839
h2,1,0,1,839
f2,4,3,1,839
h4,4,3,1,839
h2,4,3,1,839
f5,3,0,3,839
f2,5,4,1,839
f2,0,0,0,841
f4,4,3,1,841
h1,4,0,4,841
h1,4,0,4,841
f3,4,4,0,841
h4,5,5,0,841
f2,4,4,0,841
f2,4,4,0,841
h5,4,4,0,841
h5,1,1,0,842
f2,4,4,0,842
h3,3,3,0,842
f1,3,3,0,842
f2,3,3,0,842
f3,3,3,0,842
f5,3,1,2,842
h5,3,3,0,842
h5,4,4,0,842
f2,1,1,0,843
f2,0,0,0,843
h3,0,0,0,843
f2,2,2,0,843
h1,2,0,2,843
h5,2,2,0,843
f1,3,3,0,843
f2,3,3,0,843
f3,2,2,0,844
f2,3,3,0,844
h3,3,3,0,844
h2,2,2,0,844
f2,4,4,0,844
h3,4,4,0,844
h4,5,5,0,844
h4,5,5,0,844
f2,5,5,0,844
f3,5,5,0,844
h3,0,0,0,845
f2,2,2,0,845
h1,2,0,2,845
h4,4,4,0,845
h5,4,4,0,845
f4,3,2,1,845
f2,3,3,0,845
h3,4,4,0,845
f2,3,3,0,845
f4,4,3,1,845
h5,0,0,0,846
h1,2,0,2,846
h3,3,3,0,846
f1,2,2,0,846
h5,3,3,0,846
f4,1,1,0,847
h1,1,0,1,847
h2,1,1,0,847
h5,1,1,0,847
h3,2,2,0,847
h5,2,2,0,847
h1,2,0,2,847
f4,3,2,1,847
f4,4,3,1,847
f2,0,0,0,848
h1,0,0,0,848
h3,1,0,1,848
h2,1,0,1,848
f3,1,0,1,848
h5,2,1,1,848
f1,2,0,2,848
f2,3,2,1,848
h3,3,2,1,848
f2,3,2,1,848
h1,0,0,0,849
f2,3,3,0,849
h4,4,4,0,849
f2,5,5,0,849
h3,6,6,0,849
h4,6,6,0,849
f2,5,5,0,849
f2,4,3,1,850
h5,4,3,1,850
f4,5,3,2,850
h5,5,4,1,850
f3,4,3,1,850
f5,4,1,3,850
h5,2,2,0,851
h5,3,3,0,851
h5,3,3,0,851
h5,4,4,0,851
h1,4,0,4,851
h4,4,4,0,851
h5,3,3,0,851
h5,3,3,0,851
h5,2,1,1,852
h2,3,2,1,852
f4,3,2,1,852
f2,3,2,1,852
h3,3,2,1,852
h3,0,0,0,853
h5,1,1,0,853
h1,2,0,2,853
h3,4,3,1,853
h4,5,4,1,853
h5,6,5,1,853
h2,6,4,2,853
h2,6,4,2,853
f5,1,1,0,854
f2,2,2,0,854
h2,2,2,0,854
f3,2,2,0,854
f4,2,1,1,854
h1,3,0,3,854
h1,0,0,0,855
f1,1,1,0,855
h2,3,3,0,855
h4,3,3,0,855
f1,4,2,2,855
f2,4,3,1,855
h3,5,4,1,855
h1,4,0,4,855
h3,5,4,1,855
f4,0,0,0,856
f5,0,0,0,856
f4,0,0,0,856
f2,0,0,0,856
f4,0,0,0,856
h5,0,0,0,856
f2,0,0,0,856
f3,0,0,0,856
f1,1,1,0,856
h5,3,3,0,856
h3,0,0,0,857
f2,2,2,0,857
f4,2,1,1,857
f2,2,2,0,857
f1,2,1,1,857
f1,3,2,1,857
h5,4,4,0,857
h1,4,0,4,857
h3,4,4,0,857
f3,4,4,0,857
h1,0,0,0,858
f2,0,0,0,858
f4,1,1,0,858
f5,2,2,0,858
f2,2,1,1,858
h1,1,0,1,858
f3,4,3,1,858
f4,0,0,0,859
h2,0,0,0,859
h5,2,2,0,859
h5,2,2,0,859
h4,2,2,0,859
h1,4,0,4,859
f5,4,3,1,859
f3,1,0,1,860
h1,1,0,1,860
h3,2,1,1,860
f3,1,0,1,860
f3,1,0,1,860
h4,3,2,1,860
f1,3,1,2,860
h5,4,4,0,861
h3,4,4,0,861
f1,4,4,0,861
h4,3,3,0,861
h3,5,5,0,861
h3,5,5,0,861
f4,1,1,0,862
f4,2,2,0,862
h5,2,2,0,862
f2,1,1,0,862
f2,2,1,1,862
h5,2,1,1,862
h1,1,0,1,862
f3,5,4,1,862
f4,4,2,2,862
f2,1,1,0,863
h3,2,2,0,863
f5,2,2,0,863
h1,2,0,2,863
h2,2,2,0,863
h5,2,2,0,863
h5,3,3,0,863
f3,3,3,0,863
f3,0,0,0,864
f3,0,0,0,864
f1,0,0,0,864
h5,2,2,0,864
f5,2,1,1,864
h2,1,1,0,864
f1,1,1,0,864
f2,1,1,0,864
f4,2,2,0,864
f2,2,2,0,864
f2,0,0,0,865
f2,1,1,0,865
h2,1,1,0,865
h1,1,0,1,865
h5,3,3,0,865
f4,3,3,0,865
h1,3,0,3,865
f1,3,2,1,865
f2,3,3,0,865
f1,0,0,0,866
f2,0,0,0,866
h3,0,0,0,866
h5,0,0,0,866
h2,0,0,0,866
h1,2,0,2,866
f3,2,2,0,866
h5,3,3,0,866
h3,3,3,0,867
f3,2,2,0,867
f4,2,2,0,867
f3,2,2,0,867
h1,3,0,3,867
h3,3,3,0,867
f4,2,2,0,867
f1,0,0,0,868
f5,1,1,0,868
h1,2,0,2,868
f4,2,2,0,868
f1,2,2,0,868
f3,4,4,0,868
h3,4,4,0,868
f4,6,4,2,868
f5,5,4,1,868
f3,3,3,0,869
h5,3,3,0,869
f2,3,3,0,869
f1,4,3,1,869
f1,4,3,1,869
f1,3,2,1,869
h4,4,3,1,869
h2,4,2,2,869
h3,0,0,0,870
f4,1,1,0,870
h5,1,1,0,870
f4,2,1,1,870
f1,1,1,0,870
f4,4,2,2,870
f2,3,3,0,870
h3,4,4,0,870
h2,0,0,0,871
h3,0,0,0,871
f5,1,0,1,871
f2,2,2,0,871
h3,2,2,0,871
f3,1,1,0,871
h3,2,2,0,871
f4,3,3,0,871
h5,4,4,0,871
h2,1,0,1,872
f4,1,0,1,872
f1,1,0,1,872
f3,3,2,1,872
h2,2,1,1,872
f3,3,2,1,872
h4,2,1,1,872
f4,3,1,2,872
h3,3,2,1,872
h4,5,4,1,873
h5,5,4,1,873
f1,4,2,2,873
h3,0,0,0,874
f2,0,0,0,874
f4,0,0,0,874
h5,1,1,0,874
h1,2,0,2,874
h5,4,4,0,874
h1,4,0,4,874
h3,5,4,1,874
f2,0,0,0,875
f1,1,0,1,875
h2,2,1,1,875
f2,2,2,0,875
h4,3,3,0,875
f2,2,2,0,875
h3,3,3,0,875
h5,3,3,0,875
h1,4,0,4,875
h1,1,0,1,876
f2,1,1,0,876
h3,1,1,0,876
h2,1,1,0,876
f4,1,0,1,876
f2,2,2,0,876
h5,4,4,0,876
f3,4,4,0,876
f4,5,3,2,876
f2,2,2,0,877
h3,2,2,0,877
h3,3,3,0,877
f2,3,3,0,877
h3,3,3,0,877
h5,3,3,0,877
h4,3,3,0,877
f1,0,0,0,878
f2,1,1,0,878
f3,1,1,0,878
h4,1,1,0,878
f5,4,3,1,878
f5,5,4,1,878
h1,6,0,6,878
h5,5,5,0,878
h4,7,6,1,878
f5,0,0,0,879
h5,2,2,0,879
f4,2,1,1,879
f4,3,1,2,879
h5,3,3,0,879
f4,2,1,1,879
f2,2,2,0,879
h5,3,3,0,879
f1,2,1,1,879
h3,1,1,0,880
h1,2,0,2,880
f2,1,1,0,880
h3,2,2,0,880
h4,3,3,0,880
f4,3,3,0,880
f4,3,3,0,880
h5,3,3,0,880
f2,2,2,0,881
h1,3,0,3,881
h2,3,2,1,881
f4,2,1,1,881
h2,3,2,1,881
h1,2,0,2,881
f2,3,2,1,881
h3,2,1,1,881
h1,1,0,1,882
f2,1,1,0,882
h3,0,0,0,882
f3,1,1,0,882
f5,3,2,1,882
f4,3,2,1,882
h1,3,0,3,882
h1,3,0,3,882
f4,0,0,0,883
f4,2,1,1,883
h1,2,0,2,883
f3,4,4,0,883
f4,5,4,1,883
h3,4,4,0,883
f4,5,4,1,883
h5,5,5,0,883
f3,5,5,0,883
h3,1,1,0,884
f1,1,1,0,884
f4,1,1,0,884
f3,3,3,0,884
h5,4,4,0,884
h5,1,1,0,885
h3,1,1,0,885
f5,2,1,1,885
h3,3,3,0,885
f2,2,2,0,886
f4,2,1,1,886
h5,2,2,0,886
h3,1,1,0,886
f3,1,1,0,886
f3,1,1,0,886
h1,4,0,4,886
f3,5,4,1,886
h2,0,0,0,888
h3,1,1,0,888
h5,1,1,0,888
h3,1,1,0,888
h2,0,0,0,888
h3,2,2,0,888
h4,4,4,0,888
f5,4,4,0,888
f3,1,1,0,889
h4,2,2,0,889
f2,1,1,0,889
h3,2,2,0,889
h3,1,1,0,889
f1,1,1,0,889
f2,1,1,0,889
h1,4,0,4,889
f1,4,4,0,889
f4,1,1,0,890
f2,2,2,0,890
h1,3,0,3,890
f2,3,3,0,890
h1,3,0,3,890
h4,4,4,0,890
f2,2,2,0,891
f4,2,2,0,891
h3,5,5,0,891
f3,5,5,0,891
h1,0,0,0,892
h4,0,0,0,892
f2,0,0,0,892
h3,0,0,0,892
h1,1,0,1,892
f3,3,3,0,892
h2,4,3,1,892
f2,3,3,0,892
f2,0,0,0,893
h4,0,0,0,893
f4,0,0,0,893
h1,1,0,1,893
h2,0,0,0,893
f3,3,3,0,893
h3,3,3,0,893
f4,3,1,2,893
h2,3,3,0,893
h1,5,0,5,893
f3,0,0,0,894
h3,1,1,0,894
h1,1,0,1,894
f2,1,1,0,894
h5,2,2,0,894
f2,0,0,0,894
f1,3,3,0,894
f3,2,2,0,894
h5,1,1,0,895
f4,1,1,0,895
h3,1,1,0,895
h3,1,1,0,895
h5,1,1,0,895
f5,1,0,1,895
h2,4,4,0,895
f2,0,0,0,896
f2,0,0,0,896
f2,3,3,0,896
f3,2,2,0,896
h1,4,0,4,896
f4,5,4,1,896
h4,4,4,0,896
f5,5,4,1,896
f4,5,4,1,896
f4,5,4,1,896
f5,1,1,0,897
f2,1,1,0,897
h3,3,3,0,897
f4,3,2,1,897
h1,4,0,4,897
h1,6,0,6,897
f5,0,0,0,898
h3,1,1,0,898
f1,1,1,0,898
f5,1,0,1,898
h3,2,2,0,898
h3,2,2,0,898
h5,2,2,0,898
f5,1,0,1,898
h2,0,0,0,899
h1,3,0,3,899
h3,4,4,0,899
h3,4,4,0,899
h3,2,1,1,900
f1,3,1,2,900
h3,3,2,1,900
f1,4,2,2,900
f2,3,2,1,900
f2,3,2,1,900
f1,3,1,2,900
h3,3,2,1,900
h5,6,5,1,900
f1,0,0,0,901
h2,1,1,0,901
f2,1,1,0,901
h3,0,0,0,901
f1,0,0,0,901
f3,5,4,1,901
f1,5,3,2,901
h4,6,5,1,901
f5,6,4,2,901
f1,5,3,2,901
h1,0,0,0,902
h3,0,0,0,902
f4,0,0,0,902
f3,0,0,0,902
f4,0,0,0,902
h5,0,0,0,902
h2,1,1,0,902
f4,1,0,1,902
h1,0,0,0,903
f4,0,0,0,903
f4,0,0,0,903
h5,1,1,0,903
h1,1,0,1,903
h2,1,0,1,903
f5,2,1,1,903
h3,4,4,0,903
f4,3,3,0,903
h3,1,1,0,904
f4,2,2,0,904
f2,1,1,0,904
h3,2,2,0,904
h1,2,0,2,904
h2,4,4,0,904
f2,3,3,0,904
h5,4,4,0,904
h1,4,0,4,904
f4,1,1,0,905
f4,1,1,0,905
f2,1,1,0,905
f4,2,2,0,905
h5,3,3,0,905
h5,3,3,0,905
h5,4,4,0,905
h5,4,4,0,905
h3,5,5,0,905
f4,0,0,0,906
f4,3,3,0,906
f4,3,3,0,906
h1,4,0,4,906
f1,4,4,0,906
f1,5,4,1,906
h4,5,5,0,906
h3,1,0,1,907
h5,1,0,1,907
f1,2,1,1,907
f2,3,2,1,907
h1,4,0,4,907
h3,5,4,1,907
h5,5,4,1,907
f2,4,3,1,907
f2,1,1,0,908
f2,1,1,0,908
f1,0,0,0,908
h1,0,0,0,908
h2,0,0,0,908
f4,0,0,0,908
f2,1,0,1,908
h3,2,2,0,909
f5,2,2,0,909
f2,1,1,0,909
f4,4,3,1,909
f4,4,3,1,909
f2,3,3,0,909
h5,4,4,0,909
f2,5,5,0,909
f2,5,5,0,909
f4,4,3,1,909
f3,0,0,0,910
f4,0,0,0,910
f5,1,1,0,910
f2,2,2,0,910
f3,2,2,0,910
h4,4,3,1,910
h5,4,3,1,910
h1,0,0,0,911
h1,2,0,2,911
h3,3,3,0,911
h1,3,0,3,911
h3,4,4,0,911
h5,4,4,0,911
h1,5,0,5,911
h1,5,0,5,911
f2,4,4,0,911
h3,5,5,0,911
f3,1,1,0,912
h2,1,1,0,912
h2,5,4,1,912
f1,5,4,1,912
f4,5,5,0,912
h1,6,0,6,912
f2,5,5,0,912
f3,5,5,0,912
f4,5,5,0,912
f5,0,0,0,913
f1,0,0,0,913
f1,0,0,0,913
h1,2,0,2,913
f1,3,1,2,913
f1,4,2,2,913
f1,4,2,2,913
f3,5,4,1,913
f3,3,2,1,914
h5,3,2,1,914
h5,2,1,1,914
h1,1,0,1,914
h5,3,2,1,914
h3,2,1,1,914
h3,3,2,1,914
h5,3,2,1,914
h5,3,2,1,914
h2,0,0,0,915
f3,1,1,0,915
h4,2,2,0,915
h1,2,0,2,915
h3,1,1,0,915
h5,3,3,0,915
f1,4,3,1,915
f2,3,2,1,915
f1,3,2,1,915
f1,0,0,0,916
f3,0,0,0,916
h2,2,1,1,916
h3,2,2,0,916
h1,2,0,2,916
h2,2,1,1,916
h5,5,5,0,916
h3,5,5,0,916
f1,4,3,1,916
h3,5,5,0,916
f3,0,0,0,917
f3,0,0,0,917
f2,1,1,0,917
f4,1,1,0,917
h5,1,1,0,917
h5,0,0,0,917
h5,2,2,0,917
f3,0,0,0,918
h5,3,3,0,918
f3,4,4,0,918
f5,4,4,0,918
h1,4,0,4,918
f5,4,4,0,918
h3,2,2,0,919
f5,2,2,0,919
f2,3,3,0,919
f2,4,4,0,919
f4,5,4,1,919
f4,5,4,1,919
f4,1,1,0,920
f3,2,2,0,920
f2,2,2,0,920
f3,3,3,0,920
f4,3,3,0,920
f4,4,3,1,920
h3,2,2,0,920
h5,5,4,1,920
h2,4,2,2,920
h4,1,1,0,921
h2,0,0,0,921
f4,1,0,1,921
h2,2,1,1,921
f5,3,2,1,921
h5,5,5,0,921
h3,5,5,0,921
h4,2,2,0,922
h1,3,0,3,922
h4,3,3,0,922
h1,4,0,4,922
f1,3,3,0,922
h3,4,4,0,922
h3,5,5,0,922
h1,0,0,0,923
h5,0,0,0,923
h5,1,1,0,923
h1,2,0,2,923
h3,2,2,0,923
h4,2,2,0,923
f3,2,2,0,923
h3,5,4,1,923
h4,5,4,1,923
h5,1,1,0,924
f2,1,1,0,924
f5,2,1,1,924
f5,2,1,1,924
f2,1,1,0,924
f2,1,1,0,924
f5,1,1,0,924
h3,3,3,0,924
h5,2,2,0,924
h5,2,2,0,924
h2,1,1,0,925
h3,4,3,1,925
f3,3,2,1,925
h2,3,2,1,925
h2,3,2,1,925
f2,2,1,1,925
h2,2,1,1,925
f2,3,2,1,925
h4,3,2,1,925
f5,2,2,0,926
f2,2,2,0,926
h5,3,3,0,926
h4,3,3,0,926
f2,2,2,0,926
f2,3,3,0,926
f4,4,2,2,926
f2,3,3,0,926
f1,3,3,0,926
f4,4,2,2,926
h4,1,1,0,927
f1,1,1,0,927
f4,1,1,0,927
h1,3,0,3,927
h3,5,4,1,927
f2,1,1,0,928
f2,2,2,0,928
h3,1,1,0,928
h4,1,1,0,928
h5,2,2,0,928
h4,2,2,0,928
h5,2,2,0,928
f2,0,0,0,929
f4,0,0,0,929
f3,2,1,1,929
h5,2,1,1,929
f4,1,0,1,929
f2,4,3,1,929
h4,0,0,0,930
h3,1,1,0,930
f3,3,3,0,930
f4,1,1,0,930
h5,3,3,0,930
f4,3,2,1,930
h5,3,3,0,930
f1,3,3,0,930
f4,1,1,0,932
f1,1,1,0,932
h3,1,1,0,932
h1,1,0,1,932
h1,3,0,3,932
f4,4,3,1,932
h4,5,4,1,932
f5,6,4,2,932
f1,6,5,1,932
f4,0,0,0,933
h1,0,0,0,933
f3,0,0,0,933
h1,2,0,2,933
h3,2,2,0,933
f3,2,2,0,933
h4,2,2,0,933
h2,2,2,0,933
f2,4,4,0,933
h5,0,0,0,934
f4,1,1,0,934
h1,1,0,1,934
h1,2,0,2,934
f3,2,2,0,934
h5,4,4,0,934
f1,3,3,0,934
h5,4,4,0,934
f5,2,2,0,934
f5,2,1,1,935
h4,3,3,0,935
h3,3,3,0,935
h2,3,2,1,935
h2,3,2,1,935
h5,3,3,0,935
h1,3,0,3,935
h2,3,2,1,935
h2,3,2,1,935
h3,1,1,0,936
f2,0,0,0,936
h3,1,1,0,936
f3,2,2,0,936
h5,3,3,0,936
h5,4,4,0,936
h3,4,4,0,936
h1,4,0,4,936
f4,4,3,1,936
f5,2,2,0,936
f3,2,2,0,937
f4,2,1,1,937
f2,1,1,0,937
h3,2,2,0,937
f2,4,3,1,937
f4,3,1,2,937
h5,4,3,1,937
h5,4,3,1,937
h2,4,2,2,937
h2,4,2,2,937
f5,1,1,0,938
h5,3,3,0,938
f3,3,2,1,938
h1,2,0,2,938
h3,3,2,1,938
h5,4,3,1,938
h5,4,3,1,938
h3,3,2,1,938
h3,3,2,1,938
h5,4,3,1,938
h4,1,1,0,939
f3,1,1,0,939
f2,1,1,0,939
f2,3,3,0,939
f4,3,2,1,939
f3,3,3,0,939
f2,3,3,0,939
f4,3,2,1,939
h5,4,4,0,940
f2,4,3,1,940
h1,5,0,5,940
f3,5,4,1,940
h2,6,4,2,940
h2,0,0,0,941
h1,0,0,0,941
h4,0,0,0,941
h2,2,2,0,941
h3,2,2,0,941
f5,2,2,0,941
f5,3,3,0,941
h1,3,0,3,941
f1,0,0,0,942
f4,0,0,0,942
f4,0,0,0,942
h1,2,0,2,942
h4,2,2,0,942
h3,3,3,0,942
f4,4,4,0,942
h3,4,4,0,942
f2,1,1,0,943
f5,4,3,1,943
h1,4,0,4,943
f2,2,2,0,944
h2,5,3,2,944
f3,5,4,1,944
h5,5,4,1,944
h1,4,0,4,944
f1,4,2,2,944
h4,5,4,1,944
h3,6,5,1,944
h1,6,0,6,944
h3,7,6,1,944
f1,0,0,0,945
h2,0,0,0,945
h2,1,1,0,945
h5,1,1,0,945
h2,2,1,1,945
f3,1,0,1,945
h4,1,0,1,945
f2,3,2,1,945
f3,4,3,1,945
f3,4,3,1,945
h5,1,1,0,946
h5,1,1,0,946
h2,1,1,0,946
f1,1,1,0,946
h5,0,0,0,946
h3,3,3,0,946
h2,4,3,1,946
f3,5,4,1,946
f4,5,2,3,946
f1,0,0,0,947
h5,2,2,0,947
h1,2,0,2,947
h1,2,0,2,947
f4,1,1,0,947
h2,3,2,1,947
h5,3,2,1,947
h1,4,0,4,947
h1,6,0,6,947
f3,7,6,1,947
f2,0,0,0,948
f4,3,1,2,948
h2,4,3,1,948
h1,3,0,3,948
h4,5,4,1,948
f2,4,3,1,948
f3,0,0,0,949
f3,1,1,0,949
f3,1,1,0,949
h2,2,2,0,949
f2,3,3,0,949
f3,2,2,0,949
h1,4,0,4,949
f4,1,1,0,950
f2,1,1,0,950
f3,1,1,0,950
f2,1,1,0,950
f1,1,1,0,950
h4,1,1,0,950
f1,3,2,1,951
f2,3,2,1,951
h3,3,2,1,951
h5,3,2,1,951
h3,3,2,1,951
h3,2,1,1,951
h4,1,0,1,951
h1,1,0,1,951
h5,6,5,1,951
h4,6,5,1,951
f2,0,0,0,952
f4,0,0,0,952
h5,0,0,0,952
f5,0,0,0,952
h1,0,0,0,952
f3,1,1,0,952
f1,1,1,0,952
h2,2,2,0,952
h2,4,4,0,952
f4,4,3,1,952
h1,0,0,0,953
h1,4,0,4,953
h5,4,4,0,953
f3,3,3,0,953
h5,4,4,0,953
h1,4,0,4,953
f4,1,1,0,954
f5,1,1,0,954
h1,2,0,2,954
h5,3,3,0,954
f2,2,2,0,954
h1,3,0,3,954
h3,4,3,1,954
h5,4,3,1,954
h2,4,3,1,954
h3,2,2,0,955
h1,3,0,3,955
h4,3,3,0,955
h1,3,0,3,955
f2,2,2,0,955
f3,4,3,1,955
h1,4,0,4,955
f2,4,3,1,955
h1,0,0,0,956
h4,2,1,1,956
f2,2,1,1,956
f2,1,0,1,956
h3,1,0,1,956
h5,2,1,1,956
f4,3,1,2,956
f5,4,2,2,956
f3,1,1,0,957
h3,1,1,0,957
f2,1,1,0,957
f1,1,1,0,957
f3,1,1,0,957
f4,0,0,0,957
h5,0,0,0,957
h5,4,4,0,957
h1,4,0,4,957
f2,1,1,0,958
h4,2,2,0,958
h4,2,2,0,958
f2,2,2,0,958
f3,3,3,0,958
h3,4,4,0,958
h3,1,1,0,959
f3,1,1,0,959
f3,0,0,0,959
h2,1,1,0,959
h3,1,1,0,959
h3,0,0,0,959
f3,0,0,0,959
h4,1,1,0,959
f5,1,1,0,960
h4,2,2,0,960
h5,1,1,0,960
h3,2,2,0,960
h5,3,3,0,960
h4,4,4,0,960
h4,3,3,0,960
f4,3,2,1,960
f3,1,1,0,961
h5,1,1,0,961
f3,2,1,1,961
h5,3,2,1,961
h4,4,3,1,961
h1,3,0,3,961
h4,4,3,1,961
f2,4,3,1,961
f2,0,0,0,962
f3,1,1,0,962
f2,1,1,0,962
f2,1,1,0,962
h3,4,4,0,962
h2,4,3,1,962
h3,5,4,1,962
h4,5,4,1,962
f4,4,2,2,962
h5,5,4,1,962
h1,0,0,0,963
h5,0,0,0,963
h1,5,0,5,963
h4,4,4,0,963
h3,5,5,0,963
f5,5,4,1,963
h1,4,0,4,964
f2,4,3,1,964
h3,4,3,1,964
f5,4,3,1,964
h1,6,0,6,964
f2,6,5,1,964
f4,7,4,3,964
h1,6,0,6,964
h5,6,6,0,965
h2,6,6,0,965
f1,0,0,0,966
h2,0,0,0,966
f4,4,3,1,966
f2,5,4,1,966
h1,5,0,5,966
f1,6,4,2,966
f3,6,5,1,966
f3,5,4,1,966
h5,5,4,1,966
f1,0,0,0,967
h3,0,0,0,967
f5,2,2,0,967
f5,2,2,0,967
f2,2,2,0,967
h1,4,0,4,967
f2,3,3,0,967
h1,3,0,3,967
h3,3,3,0,967
h1,0,0,0,968
h3,0,0,0,968
f4,0,0,0,968
h3,0,0,0,968
f5,3,2,1,968
h2,4,3,1,968
h5,4,4,0,968
h1,4,0,4,968
f2,4,4,0,968
f5,4,3,1,968
h4,2,2,0,969
f2,3,2,1,969
h3,3,2,1,969
h1,2,0,2,969
f1,3,2,1,969
h2,3,2,1,969
h3,3,2,1,969
h3,3,2,1,969
f4,2,1,1,969
f4,4,2,2,969
h5,1,1,0,970
f2,2,2,0,970
f3,3,3,0,970
h3,4,3,1,970
h3,4,3,1,970
f3,5,4,1,970
f4,6,4,2,970
f1,5,4,1,970
f4,6,4,2,970
h2,6,5,1,970
f2,0,0,0,971
f1,3,3,0,971
h5,3,3,0,971
h1,3,0,3,971
h5,5,4,1,971
f3,4,3,1,971
f3,4,3,1,971
h5,5,4,1,971
h1,0,0,0,972
f4,0,0,0,972
h5,1,1,0,972
f5,1,1,0,972
f2,0,0,0,972
h2,1,0,1,972
h5,1,1,0,972
h2,1,0,1,972
h1,1,0,1,972
h5,1,1,0,973
f2,2,2,0,973
h5,5,5,0,974
f4,1,1,0,975
f1,2,2,0,975
f2,2,2,0,975
h4,2,2,0,975
h4,4,4,0,975
f4,4,2,2,975
h1,6,0,6,975
f4,5,3,2,975
f2,3,3,0,976
f3,1,1,0,976
h2,3,2,1,976
h3,3,3,0,976
h1,3,0,3,976
h2,3,2,1,976
f2,3,3,0,976
f4,0,0,0,977
h5,1,1,0,977
f4,4,3,1,977
f2,5,5,0,977
h1,6,0,6,977
f4,7,5,2,977
h5,6,6,0,977
h5,6,6,0,977
h5,1,1,0,978
h2,1,0,1,978
f3,2,1,1,978
f4,2,0,2,978
h1,1,0,1,978
h5,2,1,1,978
f1,1,0,1,978
h1,1,0,1,978
h3,1,1,0,979
h5,1,1,0,979
h1,0,0,0,979
f1,0,0,0,979
h5,0,0,0,979
f4,0,0,0,979
f3,1,1,0,979
h4,2,2,0,979
f2,2,2,0,979
f1,3,3,0,979
h3,1,0,1,980
h1,1,0,1,980
h3,4,3,1,980
h3,4,3,1,980
h5,4,3,1,980
f3,3,2,1,980
f2,4,3,1,980
f2,4,3,1,980
h3,0,0,0,981
f4,0,0,0,981
f3,0,0,0,981
h3,2,2,0,981
f3,2,2,0,981
h4,2,2,0,981
h5,1,1,0,981
h5,1,1,0,981
f1,2,1,1,981
f4,0,0,0,982
h1,0,0,0,982
h1,1,0,1,982
f2,1,1,0,982
h4,2,2,0,982
h3,2,2,0,982
h1,3,0,3,982
h3,4,4,0,982
h2,3,2,1,982
f3,3,3,0,982
h1,0,0,0,983
h1,3,0,3,983
h1,4,0,4,983
h2,5,3,2,983
h1,4,0,4,983
h3,6,5,1,983
h4,6,5,1,983
f1,6,4,2,983
h3,2,2,0,984
f2,2,2,0,984
h3,3,3,0,984
h5,4,4,0,984
h3,4,4,0,984
f2,3,3,0,984
f4,4,2,2,984
h5,1,1,0,985
h3,1,1,0,985
h1,3,0,3,985
h2,4,3,1,985
f5,3,2,1,985
h5,3,2,1,985
f5,2,1,1,985
h1,2,0,2,985
f5,3,2,1,985
f2,0,0,0,986
h2,1,1,0,986
f3,0,0,0,986
h3,0,0,0,986
h5,3,3,0,986
h5,3,3,0,986
f5,2,1,1,986
f2,0,0,0,987
f3,3,3,0,987
h5,4,4,0,987
h2,3,3,0,987
h3,4,4,0,987
f3,4,3,1,987
f4,5,3,2,987
f1,5,4,1,987
h1,4,0,4,987
f5,0,0,0,988
h3,0,0,0,988
f4,0,0,0,988
f2,0,0,0,988
h4,0,0,0,988
h1,0,0,0,988
f1,0,0,0,988
f5,0,0,0,988
f2,0,0,0,988
h2,2,2,0,989
h1,3,0,3,989
f2,3,3,0,989
f3,4,4,0,989
h5,3,3,0,989
f2,3,3,0,989
h5,2,2,0,989
h1,0,0,0,990
f3,0,0,0,990
h4,1,1,0,990
h5,2,2,0,990
h2,4,3,1,990
h5,4,4,0,990
h3,4,4,0,990
h5,0,0,0,991
h1,2,0,2,991
h1,2,0,2,991
f2,2,2,0,991
h3,2,2,0,991
h1,1,0,1,991
f3,1,1,0,991
f5,0,0,0,992
h5,2,2,0,992
h4,4,4,0,992
h5,4,4,0,992
f2,3,3,0,992
f3,4,4,0,992
h1,4,0,4,992
h1,4,0,4,992
f5,2,0,2,993
f3,2,1,1,993
h1,2,0,2,993
h1,3,0,3,993
h1,5,0,5,993
h2,5,3,2,993
h3,6,5,1,993
h5,7,6,1,993
h3,3,3,0,994
f1,2,2,0,994
f3,4,4,0,994
f4,4,2,2,994
h1,4,0,4,994
h5,3,3,0,994
f2,0,0,0,995
f3,0,0,0,995
f3,1,1,0,995
f2,0,0,0,995
f3,1,1,0,995
h5,5,5,0,995
h5,5,5,0,995
h4,1,1,0,997
h5,1,1,0,997
h1,0,0,0,997
f3,1,1,0,997
f5,0,0,0,997
h1,2,0,2,997
h1,2,0,2,997
f4,2,2,0,997
h1,0,0,0,998
h1,2,0,2,998
f2,1,1,0,998
h4,2,2,0,998
h3,1,1,0,998
f3,2,2,0,998
h1,3,0,3,998
h3,3,3,0,998
f1,0,0,0,999
h5,3,3,0,999
f2,2,2,0,999
f3,2,2,0,999
f2,2,2,0,999
h1,3,0,3,999
h3,3,3,0,999
f4,2,2,0,999
f5,3,2,1,999
h3,1,1,0,1000
f1,0,0,0,1000
f3,1,1,0,1000
h2,1,1,0,1000
f2,2,2,0,1000
f4,4,2,2,1000
f2,4,4,0,1000
f2,1,1,0,1001
h5,2,2,0,1001
h3,1,1,0,1001
f3,1,1,0,1001
h5,2,2,0,1001
f4,4,4,0,1001
h5,4,4,0,1001
h5,5,5,0,1001
f1,0,0,0,1002
f5,0,0,0,1002
f1,0,0,0,1002
h3,0,0,0,1002
f2,0,0,0,1002
h1,0,0,0,1003
f2,1,0,1,1003
f4,1,0,1,1003
h3,1,0,1,1003
h3,1,0,1,1003
f5,2,1,1,1003
f3,3,2,1,1003
h2,4,3,1,1003
h1,4,0,4,1003
f2,2,2,0,1004
h5,3,3,0,1004
h1,2,0,2,1004
h1,3,0,3,1004
h3,3,3,0,1004
h4,3,3,0,1004
f4,4,2,2,1004
h4,4,4,0,1004
h5,1,1,0,1005
h5,1,1,0,1005
f2,1,0,1,1005
h5,3,2,1,1005
h4,4,3,1,1005
h3,3,2,1,1005
h5,4,3,1,1005
f1,0,0,0,1006
f1,0,0,0,1006
f2,2,2,0,1006
f2,2,2,0,1006
h1,4,0,4,1006
h1,4,0,4,1006
h2,4,3,1,1006
f1,0,0,0,1007
h5,1,1,0,1007
f2,1,1,0,1007
f1,1,1,0,1007
h3,2,2,0,1007
h3,1,1,0,1007
h3,0,0,0,1007
f4,0,0,0,1007
f1,2,1,1,1007
h5,3,3,0,1007
h1,2,0,2,1008
f2,2,2,0,1008
h5,3,3,0,1008
f1,3,3,0,1008
f3,2,2,0,1008
h3,2,2,0,1008
h2,3,2,1,1008
f1,1,1,0,1009
h1,2,0,2,1009
f2,2,2,0,1009
f3,1,1,0,1009
h5,1,1,0,1009
h1,1,0,1,1009
f1,1,0,1,1009
f2,2,2,0,1009
f4,0,0,0,1009
h3,1,1,0,1009
h3,0,0,0,1010
f3,0,0,0,1010
f4,1,1,0,1010
h3,2,2,0,1010
f2,2,2,0,1010
f2,3,3,0,1010
h1,3,0,3,1010
h3,2,2,0,1011
h5,2,2,0,1011
h2,2,2,0,1011
f2,2,2,0,1011
f1,4,2,2,1011
h3,4,3,1,1011
h5,5,4,1,1011
f5,4,3,1,1011
f2,0,0,0,1012
h4,1,1,0,1012
f2,1,1,0,1012
h1,2,0,2,1012
h3,2,2,0,1012
f1,3,2,1,1012
f5,4,3,1,1012
h4,5,5,0,1012
h4,5,5,0,1012
f1,0,0,0,1013
f2,0,0,0,1013
f2,0,0,0,1013
f2,1,1,0,1013
f1,2,1,1,1013
h3,5,5,0,1013
h1,0,0,0,1014
h3,0,0,0,1014
f2,0,0,0,1014
f5,1,0,1,1014
f1,2,2,0,1014
h2,2,2,0,1014
f3,1,1,0,1014
h5,3,3,0,1014
f1,0,0,0,1015
f2,0,0,0,1015
f3,2,2,0,1015
h5,2,2,0,1015
h2,5,4,1,1015
h3,4,4,0,1015
f3,5,5,0,1015
h5,5,5,0,1015
f2,1,1,0,1016
h1,3,0,3,1016
f2,5,5,0,1016
f4,5,4,1,1016
f3,5,5,0,1016
f2,5,5,0,1016
h3,6,6,0,1016
f3,6,6,0,1016
h1,0,0,0,1017
f4,0,0,0,1017
h1,0,0,0,1017
f4,0,0,0,1017
h5,1,1,0,1017
h1,3,0,3,1017
h2,3,2,1,1017
h4,4,4,0,1017
h1,4,0,4,1017
h5,6,6,0,1017
h3,3,2,1,1018
h3,3,2,1,1018
h3,3,2,1,1018
h4,3,2,1,1018
h4,3,2,1,1018
f2,2,1,1,1018
h4,1,0,1,1018
h4,1,0,1,1018
f3,3,2,1,1018
f2,3,2,1,1018
f2,0,0,0,1019
h2,0,0,0,1019
h2,1,0,1,1019
f2,2,1,1,1019
h5,2,1,1,1019
h3,2,1,1,1019
f1,1,0,1,1019
f1,1,0,1,1019
f1,2,1,1,1019
h3,1,0,1,1019
f3,1,1,0,1020
h5,0,0,0,1020
f4,2,1,1,1020
f4,3,2,1,1020
h1,3,0,3,1020
h1,5,0,5,1020
f3,4,4,0,1020
h2,0,0,0,1021
f3,1,1,0,1021
h1,2,0,2,1021
f1,2,1,1,1021
h3,2,2,0,1021
h4,3,3,0,1021
f3,4,4,0,1021
f2,4,4,0,1021
h5,4,4,0,1021
h2,0,0,0,1022
h3,0,0,0,1022
h3,4,4,0,1022
h4,4,4,0,1022
h5,4,4,0,1022
h4,4,4,0,1022
h4,4,4,0,1022
f5,3,2,1,1022
h3,3,3,0,1022
h2,1,1,0,1023
h5,1,1,0,1023
h5,2,2,0,1023
f2,1,1,0,1023
f4,1,1,0,1023
h1,1,0,1,1023
h5,3,3,0,1023
h3,3,3,0,1023
f3,3,3,0,1023
f2,1,1,0,1024
f2,1,1,0,1024
f3,1,1,0,1024
h1,3,0,3,1024
f2,3,3,0,1024
f3,3,3,0,1024
h2,0,0,0,1026
h3,0,0,0,1026
h5,0,0,0,1026
f1,0,0,0,1026
h5,0,0,0,1026
f2,0,0,0,1026
f2,0,0,0,1026
h2,3,2,1,1027
f2,2,2,0,1027
f2,2,2,0,1027
f4,3,3,0,1027
f3,2,2,0,1027
f3,2,2,0,1027
f2,1,1,0,1027
h3,2,2,0,1027
f1,1,1,0,1027
h2,0,0,0,1028
f1,0,0,0,1028
f1,1,1,0,1028
f3,0,0,0,1028
h3,2,2,0,1028
h1,3,0,3,1028
h2,1,1,0,1029
h3,1,1,0,1029
h5,0,0,0,1029
f4,0,0,0,1029
f5,0,0,0,1029
f3,0,0,0,1029
h5,0,0,0,1029
h3,0,0,0,1029
f4,2,1,1,1029
h1,2,0,2,1030
h5,2,2,0,1030
h1,3,0,3,1030
h5,3,3,0,1030
f4,3,2,1,1030
h4,4,4,0,1030
f2,3,3,0,1030
f4,3,2,1,1030
f4,0,0,0,1031
h5,0,0,0,1031
f1,0,0,0,1031
h2,0,0,0,1031
f2,0,0,0,1031
f4,2,1,1,1031
f5,4,3,1,1031
h5,5,5,0,1031
h5,5,5,0,1031
h5,2,2,0,1032
f2,0,0,0,1032
h3,1,1,0,1032
h3,1,1,0,1032
h4,0,0,0,1032
h1,1,0,1,1032
f5,2,2,0,1032
f4,2,2,0,1032
h5,4,4,0,1032
h1,0,0,0,1033
h3,0,0,0,1033
f3,0,0,0,1033
h4,1,1,0,1033
h1,1,0,1,1033
h3,2,2,0,1033
f4,2,2,0,1033
f4,4,3,1,1033
f3,6,5,1,1033
h5,6,5,1,1033
f3,0,0,0,1034
f4,1,1,0,1034
f1,2,2,0,1034
h1,2,0,2,1034
h5,2,2,0,1034
f1,1,1,0,1034
h5,2,1,1,1034
h1,0,0,0,1035
h5,0,0,0,1035
f3,0,0,0,1035
h4,0,0,0,1035
f3,1,1,0,1035
h2,4,2,2,1035
h3,5,4,1,1035
h5,5,4,1,1035
h2,6,4,2,1035
f2,5,4,1,1035
h1,0,0,0,1036
h4,2,1,1,1036
f5,2,1,1,1036
h5,1,0,1,1036
h3,3,2,1,1036
h1,2,0,2,1036
f2,2,1,1,1036
h2,4,3,1,1036
h5,5,4,1,1036
h1,0,0,0,1037
h4,2,2,0,1037
f2,3,3,0,1037
h3,2,2,0,1037
h3,2,2,0,1037
h3,2,2,0,1037
h1,2,0,2,1037
h5,2,2,0,1037
f2,2,2,0,1037
h1,3,0,3,1037
h1,0,0,0,1038
h5,2,2,0,1038
h2,3,3,0,1038
h2,3,3,0,1038
f4,3,3,0,1038
f4,2,2,0,1038
f1,3,3,0,1038
h5,4,4,0,1038
h1,2,0,2,1039
f1,3,2,1,1039
h1,2,0,2,1039
f4,4,1,3,1039
h5,4,3,1,1039
f3,4,3,1,1039
f5,1,1,0,1040
h5,1,1,0,1040
f5,2,2,0,1040
h1,2,0,2,1040
h4,3,2,1,1040
f2,2,1,1,1040
f4,2,1,1,1040
h2,1,0,1,1040
f1,0,0,0,1041
h3,1,1,0,1041
h3,1,1,0,1041
h2,2,2,0,1041
h1,3,0,3,1041
f2,3,3,0,1041
h1,4,0,4,1041
f4,4,2,2,1041
h5,5,5,0,1041
f5,4,4,0,1041
h3,0,0,0,1042
h3,0,0,0,1042
h1,1,0,1,1042
f2,1,1,0,1042
f3,1,1,0,1042
f4,3,2,1,1042
h5,4,4,0,1042
h2,4,3,1,1042
h5,1,1,0,1043
f2,1,1,0,1043
h3,2,2,0,1043
h1,3,0,3,1043
h4,4,3,1,1043
f3,4,3,1,1043
f2,4,3,1,1043
f4,5,2,3,1043
h1,0,0,0,1044
f2,0,0,0,1044
f3,0,0,0,1044
h5,0,0,0,1044
f4,1,1,0,1044
f4,1,1,0,1044
f5,1,1,0,1044
f1,1,1,0,1044
f4,2,1,1,1044
h3,2,2,0,1044
h5,1,1,0,1045
h1,1,0,1,1045
h1,1,0,1,1045
f1,1,1,0,1045
h1,1,0,1,1045
h5,2,2,0,1045
h1,2,0,2,1045
f5,4,3,1,1045
f4,4,2,2,1045
h2,1,0,1,1046
f5,3,2,1,1046
h2,6,4,2,1046
f4,6,4,2,1046
f3,7,6,1,1046
h1,6,0,6,1046
f2,2,1,1,1047
h3,2,1,1,1047
h4,2,1,1,1047
h2,2,1,1,1047
h2,2,1,1,1047
h4,4,3,1,1047
f4,3,1,2,1047
f4,3,1,2,1047
f3,3,2,1,1047
f5,4,2,2,1047
f2,0,0,0,1048
h3,0,0,0,1048
f3,0,0,0,1048
f3,0,0,0,1048
f4,3,2,1,1048
f1,4,4,0,1048
h5,5,5,0,1048
f4,0,0,0,1049
h2,2,1,1,1049
h3,3,3,0,1049
f3,3,3,0,1049
f5,4,3,1,1049
f2,3,3,0,1049
f4,3,2,1,1049
f5,3,2,1,1049
f3,3,3,0,1049
h1,0,0,0,1050
h1,0,0,0,1050
f4,1,0,1,1050
h5,3,3,0,1050
f2,2,2,0,1050
h1,2,0,2,1050
h1,2,0,2,1050
f1,2,1,1,1050
h1,3,0,3,1050
f2,2,2,0,1050
f3,0,0,0,1051
h5,3,3,0,1051
h3,5,5,0,1051
h3,5,5,0,1051
h3,5,5,0,1051
f4,4,2,2,1051
f4,3,1,2,1051
f3,3,3,0,1051
h5,4,4,0,1051
h1,0,0,0,1052
f1,0,0,0,1052
h3,1,1,0,1052
f2,1,1,0,1052
h4,1,1,0,1052
f2,0,0,0,1052
h3,2,2,0,1052
h3,3,2,1,1052
h1,1,0,1,1052
h5,3,2,1,1052
f2,0,0,0,1053
f2,0,0,0,1053
h5,1,1,0,1053
h5,0,0,0,1053
h1,0,0,0,1053
h3,0,0,0,1053
h1,0,0,0,1053
f1,0,0,0,1053
h5,3,3,0,1053
h3,4,4,0,1053
f2,0,0,0,1054
f3,0,0,0,1054
h1,0,0,0,1054
h3,0,0,0,1054
h1,0,0,0,1054
f2,0,0,0,1054
h2,0,0,0,1054
h3,0,0,0,1054
f4,0,0,0,1054
f1,0,0,0,1054
h3,0,0,0,1055
h1,0,0,0,1055
f3,0,0,0,1055
f3,0,0,0,1055
h1,1,0,1,1055
h1,1,0,1,1055
h5,2,2,0,1055
f3,2,2,0,1055
h1,4,0,4,1055
h1,0,0,0,1056
h3,0,0,0,1056
h5,4,3,1,1056
h2,3,2,1,1056
h3,4,3,1,1056
f3,4,3,1,1056
f2,4,3,1,1056
f4,4,2,2,1056
h2,0,0,0,1057
h5,1,1,0,1057
h1,1,0,1,1057
h2,1,1,0,1057
f4,5,4,1,1057
f3,2,1,1,1058
h2,3,1,2,1058
f1,3,1,2,1058
f2,3,2,1,1058
h1,2,0,2,1058
h1,3,0,3,1058
h1,3,0,3,1058
h2,4,2,2,1058
h1,0,0,0,1059
h5,4,4,0,1059
f4,4,2,2,1059
f1,4,3,1,1059
f4,4,2,2,1059
h5,5,5,0,1059
f3,4,4,0,1059
h5,7,6,1,1059
h5,6,5,1,1059
h4,0,0,0,1060
h5,0,0,0,1060
h5,1,1,0,1060
h5,1,1,0,1060
f1,0,0,0,1060
h3,0,0,0,1060
f4,0,0,0,1060
h3,0,0,0,1060
f3,0,0,0,1060
h3,0,0,0,1060
f4,0,0,0,1061
f2,2,2,0,1061
f3,2,2,0,1061
f4,2,1,1,1061
h4,3,3,0,1061
f4,3,1,2,1061
h5,3,3,0,1061
h4,2,2,0,1061
f3,1,1,0,1061
h3,2,2,0,1061
h2,0,0,0,1062
f3,0,0,0,1062
h1,2,0,2,1062
h1,3,0,3,1062
f4,3,3,0,1062
f4,4,3,1,1062
h2,5,4,1,1062
h4,4,4,0,1062
f3,0,0,0,1063
f2,3,3,0,1063
h1,4,0,4,1063
h3,5,4,1,1063
h3,5,4,1,1063
h1,4,0,4,1063
h1,0,0,0,1064
f2,0,0,0,1064
f1,1,1,0,1064
f4,1,1,0,1064
f1,0,0,0,1064
h4,0,0,0,1064
h1,2,0,2,1064
f4,2,2,0,1064
h3,3,3,0,1064
f4,1,1,0,1065
h5,0,0,0,1065
h1,0,0,0,1065
f3,2,2,0,1065
h5,3,3,0,1065
h4,3,3,0,1065
h5,4,4,0,1065
f4,0,0,0,1066
h5,0,0,0,1066
h3,0,0,0,1066
f5,3,2,1,1066
h1,3,0,3,1066
h3,4,4,0,1066
h2,3,2,1,1066
f1,5,4,1,1066
h1,5,0,5,1066
f3,1,0,1,1067
f4,1,0,1,1067
h1,0,0,0,1067
h1,2,0,2,1067
f1,3,1,2,1067
h1,4,0,4,1067
h5,6,5,1,1067
h3,6,5,1,1067
f2,1,1,0,1068
h1,2,0,2,1068
h5,3,3,0,1068
h2,2,2,0,1068
f4,3,1,2,1068
f4,3,1,2,1068
h1,2,0,2,1068
h3,2,2,0,1068
f4,2,0,2,1068
h4,3,3,0,1068
h1,0,0,0,1069
f5,0,0,0,1069
h1,0,0,0,1069
f1,0,0,0,1069
h5,0,0,0,1069
h5,1,1,0,1069
h2,2,2,0,1069
h1,2,0,2,1069
h3,0,0,0,1070
h1,4,0,4,1070
h2,4,4,0,1070
h2,4,4,0,1070
f2,5,5,0,1070
h5,4,4,0,1070
f2,6,6,0,1070
h1,6,0,6,1070
f2,6,6,0,1070
h1,0,0,0,1071
f5,2,1,1,1071
f3,0,0,0,1071
f4,1,1,0,1071
f1,2,2,0,1071
h5,4,4,0,1071
f1,2,2,0,1072
f1,3,3,0,1072
h3,3,3,0,1072
h5,3,3,0,1072
f5,3,2,1,1072
f4,3,2,1,1072
h5,3,3,0,1072
h5,1,1,0,1073
f5,1,0,1,1073
h5,2,1,1,1073
f1,2,1,1,1073
f2,1,0,1,1073
h5,1,0,1,1073
f2,2,1,1,1073
f4,2,1,1,1073
h5,4,4,0,1074
f2,4,3,1,1074
h5,5,4,1,1074
f3,1,1,0,1075
f1,3,3,0,1075
h4,3,3,0,1075
h5,4,3,1,1075
f4,4,2,2,1075
f3,3,2,1,1075
f4,4,2,2,1075
h3,4,3,1,1075
f4,4,2,2,1076
f3,5,5,0,1076
h1,1,0,1,1077
h2,2,2,0,1077
h5,4,4,0,1077
h5,4,4,0,1077
h2,3,3,0,1077
h1,4,0,4,1077
f3,3,3,0,1077
f4,2,2,0,1078
h1,2,0,2,1078
h1,2,0,2,1078
h3,2,2,0,1078
f4,3,3,0,1078
f3,2,2,0,1078
h3,3,3,0,1079
h5,3,3,0,1079
f1,0,0,0,1080
h2,2,1,1,1080
h3,1,1,0,1080
f1,2,0,2,1080
h5,3,2,1,1080
h5,3,2,1,1080
h1,2,0,2,1080
h5,3,2,1,1080
f3,3,2,1,1080
f3,5,4,1,1080
h1,0,0,0,1081
h3,1,1,0,1081
h3,1,1,0,1081
h4,0,0,0,1081
h5,0,0,0,1081
f1,0,0,0,1081
h2,2,2,0,1081
f2,2,2,0,1081
h5,3,2,1,1081
h3,4,3,1,1081
f2,1,1,0,1082
h5,2,2,0,1082
f5,2,2,0,1082
h3,2,2,0,1082
f4,2,2,0,1082
h2,2,2,0,1082
f2,1,1,0,1082
h2,2,2,0,1082
h4,1,1,0,1082
f3,3,3,0,1083
h3,4,4,0,1083
h5,5,5,0,1083
f4,4,3,1,1083
h2,5,4,1,1083
f4,4,3,1,1083
f3,4,4,0,1083
h3,0,0,0,1084
h1,1,0,1,1084
f2,1,1,0,1084
f4,0,0,0,1084
f2,1,1,0,1084
f4,2,1,1,1084
h4,4,4,0,1084
h3,3,3,0,1084
f4,3,2,1,1084
h2,0,0,0,1085
h5,0,0,0,1085
h1,1,0,1,1085
h4,1,1,0,1085
f4,1,1,0,1085
h1,0,0,0,1085
f1,0,0,0,1085
h4,3,3,0,1085
f2,3,3,0,1085
h1,4,0,4,1085
h1,0,0,0,1086
h1,0,0,0,1086
f4,0,0,0,1086
f4,0,0,0,1086
h2,1,0,1,1086
h3,2,2,0,1086
h3,2,2,0,1086
h2,4,2,2,1086
f4,4,2,2,1086
f3,4,3,1,1086
h5,1,1,0,1087
f1,1,1,0,1087
h5,2,2,0,1087
f3,1,1,0,1087
h5,2,2,0,1087
f4,4,3,1,1087
f4,5,4,1,1087
f5,5,4,1,1087
f2,3,3,0,1088
f5,3,2,1,1088
f3,3,3,0,1088
f1,3,2,1,1088
h3,4,4,0,1088
h5,4,4,0,1088
h3,4,4,0,1088
h1,0,0,0,1089
f4,1,1,0,1089
h5,0,0,0,1089
h1,0,0,0,1089
h5,1,1,0,1089
f3,1,0,1,1089
h5,1,0,1,1089
h2,0,0,0,1090
h3,0,0,0,1090
f4,0,0,0,1090
f3,1,1,0,1090
f3,1,1,0,1090
h5,3,3,0,1090
h5,4,4,0,1090
h4,4,4,0,1090
f5,0,0,0,1091
f2,1,1,0,1091
h1,2,0,2,1091
h4,2,2,0,1091
h1,2,0,2,1091
f3,1,1,0,1091
h3,1,1,0,1091
h4,1,1,0,1091
h5,1,1,0,1091
h3,0,0,0,1092
f2,0,0,0,1092
h3,1,1,0,1092
h3,1,1,0,1092
h1,1,0,1,1092
h2,1,1,0,1092
f1,3,2,1,1092
f2,3,3,0,1092
f2,0,0,0,1093
h1,2,0,2,1093
f1,2,2,0,1093
h3,4,4,0,1093
h3,4,4,0,1093
f1,3,3,0,1093
f4,4,2,2,1093
h3,3,3,0,1093
h5,5,5,0,1093
f1,0,0,0,1094
f4,0,0,0,1094
h1,1,0,1,1094
h2,1,0,1,1094
h2,3,2,1,1094
h2,3,2,1,1094
h5,4,4,0,1094
h1,1,0,1,1095
h2,2,2,0,1095
h1,3,0,3,1095
h1,4,0,4,1095
f2,3,3,0,1095
h3,4,4,0,1095
f5,3,2,1,1095
f2,3,3,0,1095
f4,5,4,1,1095
f4,5,4,1,1095
h5,1,1,0,1096
f3,0,0,0,1096
h2,0,0,0,1096
f5,1,1,0,1096
h3,2,1,1,1096
h3,3,2,1,1096
f3,4,3,1,1096
h3,4,3,1,1096
h3,0,0,0,1097
h5,1,1,0,1097
h4,1,1,0,1097
f4,0,0,0,1097
f2,0,0,0,1097
f2,0,0,0,1097
h5,0,0,0,1097
f4,1,1,0,1098
f1,1,1,0,1098
h3,0,0,0,1098
h5,0,0,0,1098
f2,1,1,0,1098
f5,1,1,0,1098
h2,2,2,0,1098
h5,2,2,0,1098
h3,2,2,0,1099
f5,2,2,0,1099
f5,2,2,0,1099
h1,3,0,3,1099
f4,2,1,1,1099
h5,3,3,0,1099
h3,3,3,0,1099
h3,4,4,0,1099
h3,4,4,0,1099
f5,4,4,0,1099
f2,0,0,0,1100
f2,0,0,0,1100
h5,1,1,0,1100
f4,2,2,0,1100
h5,4,4,0,1100
h4,4,4,0,1100
f1,4,3,1,1100
h1,4,0,4,1100
h3,3,3,0,1100
f2,0,0,0,1101
f4,1,1,0,1101
f1,2,1,1,1101
h1,2,0,2,1101
h4,4,3,1,1101
h1,3,0,3,1101
h1,4,0,4,1101
f1,5,3,2,1101
h2,3,1,2,1101
h2,1,1,0,1102
f3,0,0,0,1102
h5,2,2,0,1102
h3,2,2,0,1102
h5,2,2,0,1102
f5,3,2,1,1102
f3,1,1,0,1102
f2,2,2,0,1102
f3,0,0,0,1103
f4,1,1,0,1103
f3,1,1,0,1103
f2,2,2,0,1103
f5,3,3,0,1103
h3,3,3,0,1103
f4,4,3,1,1103
h3,2,2,0,1104
h3,2,2,0,1104
h1,3,0,3,1104
f1,5,5,0,1104
h4,5,5,0,1104
f4,5,4,1,1104
h5,5,5,0,1104
f1,6,5,1,1104
f5,5,4,1,1104
h4,1,1,0,1105
f5,2,1,1,1105
f5,2,1,1,1105
h1,2,0,2,1105
h5,3,3,0,1105
h5,4,3,1,1105
f5,4,2,2,1105
h5,4,3,1,1105
h5,4,3,1,1105
h2,1,1,0,1106
h3,1,1,0,1106
f2,1,1,0,1106
h5,3,3,0,1106
h1,4,0,4,1106
f4,4,3,1,1106
f2,4,4,0,1106
h1,0,0,0,1107
h1,3,0,3,1107
h2,3,2,1,1107
f2,3,3,0,1107
h2,4,3,1,1107
f2,4,4,0,1107
f2,4,4,0,1107
h1,5,0,5,1107
f3,4,4,0,1107
h1,0,0,0,1108
h5,2,2,0,1108
f2,3,3,0,1108
h1,4,0,4,1108
h2,4,3,1,1108
h5,4,4,0,1108
h5,4,4,0,1108
f1,3,2,1,1108
h5,4,4,0,1108
h1,0,0,0,1109
f4,1,0,1,1110
h5,2,2,0,1110
f4,4,2,2,1110
h5,2,1,1,1111
h3,3,2,1,1111
f1,3,2,1,1111
f4,3,2,1,1111
f2,3,2,1,1111
h1,2,0,2,1111
h5,2,1,1,1111
h1,0,0,0,1112
h4,0,0,0,1112
h3,2,2,0,1112
f1,2,2,0,1112
h3,2,2,0,1112
h1,3,0,3,1112
h3,3,3,0,1112
h3,3,3,0,1112
h2,0,0,0,1113
h3,0,0,0,1113
f4,4,2,2,1113
f1,5,4,1,1113
h3,4,3,1,1113
h4,4,3,1,1113
f1,3,2,1,1113
f3,2,1,1,1113
f3,1,1,0,1114
h1,2,0,2,1114
f3,2,2,0,1114
h1,5,0,5,1114
f3,4,4,0,1114
h1,0,0,0,1115
h2,2,1,1,1115
h4,3,2,1,1115
h4,3,2,1,1115
f5,4,2,2,1115
h2,4,3,1,1115
h3,4,3,1,1115
h4,5,4,1,1115
h4,5,4,1,1115
f3,3,2,1,1115
h4,0,0,0,1116
h5,0,0,0,1116
h3,0,0,0,1116
h1,2,0,2,1116
h3,1,1,0,1116
h3,1,1,0,1116
f2,2,2,0,1116
h5,2,2,0,1116
f5,4,3,1,1116
h1,0,0,0,1117
h1,2,0,2,1117
h1,2,0,2,1117
h3,3,3,0,1117
h2,5,3,2,1117
f2,4,3,1,1117
h1,1,0,1,1118
h1,2,0,2,1118
f4,2,2,0,1118
h4,3,3,0,1118
f4,3,3,0,1118
f1,4,3,1,1118
h5,4,4,0,1118
f5,3,3,0,1118
f4,1,1,0,1119
h4,2,2,0,1119
h3,2,2,0,1119
f4,3,1,2,1119
h1,2,0,2,1119
h1,2,0,2,1119
h5,2,2,0,1119
f3,2,2,0,1119
f3,1,1,0,1119
f4,1,0,1,1120
h1,3,0,3,1120
h5,3,3,0,1120
h5,3,3,0,1120
h1,3,0,3,1120
f1,2,1,1,1120
h5,3,3,0,1120
f5,0,0,0,1121
h2,2,2,0,1121
h3,2,2,0,1121
h3,2,2,0,1121
h2,3,2,1,1121
h3,3,2,1,1121
h3,3,2,1,1121
h5,3,2,1,1121
f4,4,2,2,1121
h5,4,3,1,1121
f3,2,2,0,1122
h5,1,1,0,1122
f2,1,1,0,1122
h5,1,1,0,1122
f5,1,1,0,1122
f5,1,1,0,1122
h3,1,1,0,1122
h3,0,0,0,1122
h1,1,0,1,1122
f3,3,3,0,1122
f4,0,0,0,1123
h2,0,0,0,1123
f2,0,0,0,1123
f2,0,0,0,1123
f3,0,0,0,1123
f3,0,0,0,1124
h5,0,0,0,1124
h2,3,2,1,1124
h5,3,2,1,1124
h2,3,2,1,1124
h3,3,2,1,1124
h3,2,1,1,1124
h3,1,0,1,1124
f4,1,0,1,1124
f2,0,0,0,1125
h3,0,0,0,1125
h2,0,0,0,1125
h3,1,1,0,1125
f1,3,3,0,1125
f4,4,4,0,1125
h3,3,3,0,1125
h3,3,3,0,1125
f1,0,0,0,1126
h4,1,1,0,1126
f2,1,1,0,1126
f3,3,3,0,1126
f2,3,3,0,1126
h1,5,0,5,1126
f5,5,5,0,1126
h5,6,6,0,1126
h4,1,0,1,1127
h5,1,0,1,1127
f1,3,2,1,1127
h5,3,2,1,1127
f4,4,2,2,1127
h5,5,4,1,1127
h3,5,4,1,1127
f2,0,0,0,1128
f4,1,1,0,1128
f3,0,0,0,1128
f4,2,2,0,1128
h5,3,3,0,1128
f2,3,3,0,1128
f5,5,4,1,1128
f5,6,5,1,1128
h4,7,7,0,1128
f2,0,0,0,1129
f4,1,1,0,1129
f3,1,1,0,1129
f2,2,2,0,1129
h5,1,1,0,1129
h3,0,0,0,1129
f4,0,0,0,1129
h4,1,1,0,1129
h5,1,1,0,1129
h5,0,0,0,1129
h1,2,0,2,1130
h3,2,2,0,1130
h5,2,2,0,1130
f5,1,1,0,1130
f4,2,2,0,1130
f4,2,2,0,1130
f4,4,2,2,1130
h5,3,3,0,1130
h5,3,3,0,1130
f3,0,0,0,1131
f4,0,0,0,1131
h2,2,2,0,1131
f3,2,2,0,1131
h1,4,0,4,1131
f2,4,4,0,1131
f2,4,4,0,1131
h2,4,4,0,1131
h3,3,3,0,1132
h5,3,3,0,1132
f4,3,3,0,1132
h5,4,4,0,1132
h1,3,0,3,1132
h1,3,0,3,1132
h1,4,0,4,1132
f2,4,4,0,1132
f3,3,3,0,1132
h2,4,3,1,1132
f5,3,3,0,1133
h3,3,3,0,1133
f5,3,3,0,1133
f1,2,2,0,1133
f1,5,4,1,1133
f1,5,4,1,1133
h1,6,0,6,1133
h1,0,0,0,1134
f3,2,2,0,1134
h1,3,0,3,1134
h2,4,3,1,1134
h3,5,5,0,1134
h5,5,5,0,1134
h5,5,5,0,1134
h5,5,5,0,1134
f1,0,0,0,1135
h4,1,1,0,1135
h1,3,0,3,1135
f1,3,3,0,1135
f1,3,3,0,1135
h1,5,0,5,1135
f1,5,4,1,1135
h4,6,6,0,1135
f4,6,5,1,1135
f5,6,5,1,1135
h2,2,1,1,1136
f5,3,1,2,1136
f1,3,1,2,1136
h4,2,1,1,1136
h1,2,0,2,1136
h5,4,3,1,1136
h5,4,3,1,1136
h1,3,0,3,1136
f2,3,2,1,1136
f1,1,0,1,1137
h5,1,1,0,1137
f2,3,2,1,1137
f4,3,2,1,1137
h1,4,0,4,1137
h2,5,3,2,1137
f3,5,4,1,1137
h3,5,4,1,1137
h2,0,0,0,1138
f4,0,0,0,1138
f2,2,1,1,1138
h3,3,2,1,1138
h1,2,0,2,1138
f2,2,1,1,1138
f1,5,3,2,1138
h1,3,0,3,1138
h1,0,0,0,1139
h5,2,2,0,1139
h5,1,1,0,1139
f3,3,3,0,1139
f3,3,3,0,1139
f3,6,6,0,1139
f5,5,5,0,1139
h1,6,0,6,1139
f2,5,5,0,1139
h2,1,1,0,1140
f3,2,2,0,1140
h5,3,3,0,1140
f2,2,2,0,1140
h1,2,0,2,1140
f3,2,2,0,1140
h5,3,3,0,1140
f4,3,2,1,1140
h1,0,0,0,1141
h5,0,0,0,1141
f3,1,1,0,1141
h1,2,0,2,1141
f1,2,1,1,1141
h1,4,0,4,1141
h3,4,4,0,1141
h5,4,4,0,1141
h2,0,0,0,1142
h5,2,2,0,1142
h5,2,2,0,1142
f3,0,0,0,1142
h2,2,2,0,1142
h1,2,0,2,1142
h1,1,0,1,1143
h3,1,1,0,1143
h4,1,1,0,1143
f3,1,1,0,1143
h5,1,1,0,1143
h1,1,0,1,1143
f4,2,2,0,1143
h1,2,0,2,1143
f2,1,1,0,1143
f1,0,0,0,1144
f2,2,2,0,1144
f5,2,1,1,1144
f2,1,1,0,1144
h3,0,0,0,1144
h3,0,0,0,1144
h2,0,0,0,1144
h3,0,0,0,1144
f5,0,0,0,1144
f5,2,1,1,1144
f4,0,0,0,1145
h3,1,1,0,1145
h3,2,2,0,1145
f4,4,2,2,1145
f4,4,2,2,1145
f1,0,0,0,1146
h1,0,0,0,1146
f3,0,0,0,1146
h5,0,0,0,1146
h4,1,1,0,1146
h4,3,3,0,1146
h5,3,3,0,1146
h2,5,4,1,1147
f5,5,3,2,1147
f2,4,3,1,1147
f5,4,2,2,1147
f5,4,2,2,1147
f1,3,2,1,1147
h5,2,1,1,1147
h1,1,0,1,1148
f4,1,0,1,1148
h5,2,1,1,1148
f1,2,0,2,1148
h5,3,2,1,1148
h3,4,3,1,1148
h4,5,4,1,1148
h4,5,4,1,1148
h3,6,5,1,1148
f4,2,2,0,1149
h5,3,3,0,1149
h3,3,3,0,1149
h5,3,3,0,1149
f2,2,2,0,1149
h3,2,2,0,1149
h5,2,2,0,1149
h1,2,0,2,1149
f2,2,2,0,1149
h3,5,5,0,1149
h5,3,3,0,1150
f5,3,2,1,1150
f4,2,2,0,1150
h5,3,3,0,1150
h3,3,3,0,1150
h5,3,3,0,1150
f2,0,0,0,1151
h2,2,2,0,1151
h3,2,2,0,1151
f3,3,3,0,1151
f2,3,3,0,1151
f2,3,3,0,1151
f5,5,4,1,1151
f3,4,4,0,1151
f2,2,2,0,1152
f4,2,2,0,1152
h3,2,2,0,1152
h3,3,3,0,1152
h1,3,0,3,1152
h5,0,0,0,1153
f2,2,2,0,1153
f1,2,1,1,1153
h1,3,0,3,1153
f3,3,3,0,1153
f3,3,3,0,1153
f2,5,5,0,1153
h5,5,5,0,1153
h3,1,1,0,1154
h3,1,1,0,1154
h4,1,1,0,1154
f4,0,0,0,1154
h5,3,3,0,1154
h5,3,3,0,1154
f5,4,3,1,1154
h4,6,5,1,1154
h3,6,5,1,1154
h5,6,5,1,1154
f4,2,2,0,1155
h5,3,3,0,1155
f5,2,1,1,1155
h1,2,0,2,1155
h3,2,2,0,1155
h1,1,0,1,1155
f3,2,2,0,1155
f4,3,2,1,1155
h5,2,2,0,1155
f5,5,4,1,1156
f1,4,3,1,1156
f1,4,3,1,1156
h5,6,5,1,1156
f3,1,1,0,1157
f1,2,1,1,1157
f2,3,3,0,1157
h3,3,3,0,1157
f5,3,2,1,1157
h3,3,3,0,1157
h5,3,3,0,1157
h2,1,1,0,1159
f4,3,1,2,1159
h3,4,4,0,1159
h1,4,0,4,1159
h2,3,2,1,1159
f3,5,5,0,1159
h5,5,5,0,1159
f1,4,3,1,1159
f3,5,5,0,1159
h5,5,5,0,1159
f5,2,2,0,1160
f1,1,0,1,1160
h5,3,3,0,1160
h5,3,3,0,1160
h3,3,3,0,1160
f3,4,4,0,1160
h1,4,0,4,1160
h1,5,0,5,1160
h4,1,1,0,1161
f4,1,0,1,1161
h3,3,3,0,1161
h1,3,0,3,1161
h1,3,0,3,1161
h5,3,3,0,1161
f2,3,3,0,1161
f2,3,3,0,1161
h3,3,3,0,1161
f1,0,0,0,1162
h3,4,4,0,1162
h1,4,0,4,1162
f1,3,2,1,1162
f2,3,3,0,1162
h3,4,4,0,1162
f3,5,5,0,1162
h5,5,5,0,1162
f1,4,3,1,1162
f3,5,5,0,1162
f2,0,0,0,1163
h1,0,0,0,1163
h5,0,0,0,1163
f4,2,0,2,1163
h2,3,2,1,1163
f2,3,2,1,1163
f1,5,4,1,1163
h5,6,5,1,1163
h1,2,0,2,1164
h2,2,2,0,1164
h4,2,2,0,1164
h4,2,2,0,1164
h5,2,2,0,1164
f4,2,2,0,1164
h3,0,0,0,1165
f2,0,0,0,1165
h5,1,1,0,1165
h5,6,6,0,1165
h1,6,0,6,1165
f3,3,3,0,1166
h1,2,0,2,1166
h1,3,0,3,1166
f2,3,2,1,1166
f2,3,2,1,1166
h3,4,3,1,1166
f5,5,3,2,1166
h5,5,4,1,1166
h5,5,4,1,1166
f2,2,2,0,1167
f5,2,2,0,1167
h1,2,0,2,1167
h4,4,3,1,1167
h1,3,0,3,1167
f4,4,2,2,1167
f2,5,4,1,1167
f3,4,3,1,1167
h3,0,0,0,1168
h1,0,0,0,1168
h3,2,2,0,1168
f4,3,1,2,1168
h1,2,0,2,1168
f1,3,2,1,1168
h3,5,4,1,1168
f4,5,2,3,1168
f3,0,0,0,1169
h1,0,0,0,1169
h5,0,0,0,1169
f1,4,3,1,1169
h2,4,3,1,1169
f3,4,4,0,1169
f5,3,3,0,1169
f3,4,4,0,1169
h5,2,2,0,1169
h3,0,0,0,1170
h3,0,0,0,1170
h3,0,0,0,1170
f1,2,2,0,1170
f3,3,3,0,1170
h3,4,4,0,1170
f5,4,4,0,1170
h3,4,4,0,1170
h5,5,5,0,1170
h1,0,0,0,1171
f2,2,2,0,1171
f1,2,1,1,1171
f1,1,0,1,1171
h5,3,3,0,1171
f2,4,4,0,1171
h3,4,4,0,1171
f3,3,3,0,1171
h1,4,0,4,1171
f4,4,2,2,1171
f2,0,0,0,1172
h3,0,0,0,1172
f1,0,0,0,1172
f3,0,0,0,1172
h5,0,0,0,1172
h1,1,0,1,1172
h4,1,1,0,1172
h3,2,2,0,1172
f4,3,3,0,1172
f3,3,3,0,1172
f2,1,1,0,1173
f4,1,1,0,1173
f3,1,1,0,1173
f1,4,4,0,1173
f1,4,4,0,1173
f3,2,2,0,1173
f4,3,2,1,1173
h5,5,5,0,1173
f3,0,0,0,1174
h1,0,0,0,1174
f2,1,1,0,1174
f2,1,1,0,1174
f1,0,0,0,1174
f1,0,0,0,1174
h4,5,4,1,1174
h3,4,3,1,1174
h3,4,3,1,1174
h4,0,0,0,1175
f1,1,1,0,1175
f4,1,1,0,1175
h2,1,1,0,1175
h5,0,0,0,1175
h2,1,1,0,1175
h5,2,2,0,1175
h5,1,1,0,1175
h2,0,0,0,1176
f4,2,2,0,1176
f4,1,1,0,1176
f1,3,2,1,1176
h1,4,0,4,1176
f1,3,2,1,1176
f3,5,5,0,1176
h4,5,5,0,1176
h5,4,4,0,1176
f2,2,2,0,1177
h4,2,2,0,1177
h5,2,2,0,1177
h5,1,1,0,1177
h3,1,1,0,1177
h1,1,0,1,1177
f4,3,2,1,1177
h3,2,2,0,1177
h5,1,1,0,1178
h5,0,0,0,1178
h2,0,0,0,1178
f5,2,1,1,1178
h3,4,4,0,1178
f4,3,3,0,1178
f1,4,3,1,1178
f3,3,3,0,1178
h2,3,3,0,1179
h3,4,3,1,1179
f2,3,2,1,1179
h3,4,3,1,1179
h5,3,2,1,1179
f4,3,1,2,1179
f2,1,1,0,1180
h5,2,2,0,1180
h3,3,3,0,1180
f3,2,2,0,1180
h1,4,0,4,1180
h5,6,6,0,1180
f2,5,5,0,1180
h5,6,6,0,1180
h1,1,0,1,1181
h1,1,0,1,1181
f2,1,1,0,1181
f2,1,1,0,1181
f2,0,0,0,1181
f2,0,0,0,1181
h3,0,0,0,1181
h5,0,0,0,1181
f2,0,0,0,1182
h5,0,0,0,1182
f3,4,4,0,1182
f1,0,0,0,1183
f2,0,0,0,1183
h3,0,0,0,1183
f2,4,4,0,1183
f3,3,3,0,1183
h1,3,0,3,1183
f2,3,3,0,1183
f2,3,3,0,1183
f1,3,2,1,1183
f2,4,4,0,1183
h3,0,0,0,1184
h1,0,0,0,1184
h4,1,1,0,1184
f4,2,2,0,1184
f4,2,2,0,1184
h1,3,0,3,1184
f1,3,3,0,1184
h5,3,3,0,1184
h4,2,2,0,1184
f2,2,2,0,1184
h1,0,0,0,1185
f4,0,0,0,1185
f5,1,1,0,1185
h3,2,2,0,1185
h3,2,2,0,1185
f5,4,4,0,1185
f3,4,4,0,1185
h5,3,3,0,1185
h1,4,0,4,1185
f1,3,3,0,1185
h3,1,1,0,1186
h3,0,0,0,1186
h5,0,0,0,1186
h1,0,0,0,1186
h4,0,0,0,1186
f4,3,2,1,1186
h1,3,0,3,1186
h3,4,3,1,1186
f2,5,4,1,1186
h1,0,0,0,1187
f2,0,0,0,1187
f2,0,0,0,1187
h2,4,3,1,1187
h1,5,0,5,1187
f2,4,4,0,1187
h5,1,1,0,1188
f1,1,0,1,1188
h5,2,2,0,1188
h2,3,2,1,1188
h5,4,4,0,1188
f4,5,5,0,1188
h2,6,5,1,1188
f3,6,6,0,1188
h1,0,0,0,1189
h1,0,0,0,1189
h1,2,0,2,1189
h1,2,0,2,1189
h5,3,2,1,1189
f2,4,3,1,1189
f2,4,3,1,1189
h1,5,0,5,1189
f2,0,0,0,1190
h5,0,0,0,1190
h1,1,0,1,1190
f2,5,5,0,1190
h3,5,5,0,1190
h5,5,5,0,1190
h5,5,5,0,1190
f3,4,4,0,1190
f3,3,3,0,1190
h1,0,0,0,1191
f2,0,0,0,1191
f2,0,0,0,1191
h5,4,4,0,1191
f2,3,3,0,1191
f3,4,4,0,1191
f5,4,4,0,1191
f5,1,1,0,1192
f4,2,1,1,1192
f5,2,2,0,1192
h1,3,0,3,1192
f2,3,3,0,1192
h5,4,4,0,1192
h3,2,2,0,1192
h2,0,0,0,1193
h2,0,0,0,1193
h2,0,0,0,1193
h4,0,0,0,1193
f3,1,1,0,1193
h2,3,2,1,1193
h1,3,0,3,1193
f2,2,2,0,1193
f4,2,2,0,1193
h1,3,0,3,1193
f1,0,0,0,1195
h5,2,2,0,1195
f1,2,1,1,1195
f3,2,2,0,1195
f5,1,1,0,1195
h1,2,0,2,1195
h2,3,2,1,1195
f4,2,1,1,1195
h4,4,4,0,1195
h4,4,4,0,1195
f2,0,0,0,1196
f1,1,1,0,1196
h3,1,1,0,1196
f1,2,2,0,1196
f2,4,4,0,1196
f4,4,3,1,1196
f2,4,4,0,1196
f4,4,3,1,1196
h3,4,4,0,1196
f3,1,1,0,1197
h4,1,1,0,1197
h4,1,1,0,1197
h3,3,3,0,1197
h2,2,1,1,1197
h3,3,3,0,1197
h1,2,0,2,1197
h1,2,0,2,1197
h5,1,0,1,1198
h3,3,2,1,1198
f5,5,4,1,1198
f3,6,5,1,1198
h4,6,5,1,1198
h2,6,4,2,1198
f3,6,5,1,1198
f4,5,4,1,1198
h1,2,0,2,1199
h4,3,3,0,1199
h1,3,0,3,1199
h5,2,2,0,1199
f2,0,0,0,1200
f2,1,1,0,1200
h5,1,1,0,1200
f5,1,1,0,1200
f4,2,0,2,1200
f1,2,1,1,1200
f3,3,3,0,1200
f1,4,2,2,1200
f3,5,4,1,1200
f5,1,1,0,1201
h2,3,2,1,1201
h2,4,3,1,1201
h5,4,4,0,1201
h3,4,4,0,1201
h5,6,6,0,1201
h4,1,1,0,1202
f2,1,1,0,1202
h1,2,0,2,1202
f4,2,2,0,1202
f3,2,2,0,1202
h1,1,0,1,1202
h5,3,3,0,1202
h2,1,0,1,1203
h3,1,1,0,1203
f4,1,1,0,1203
f1,2,1,1,1203
h2,2,1,1,1203
h3,2,2,0,1203
h5,1,1,0,1203
f2,0,0,0,1204
f4,1,1,0,1204
h5,1,1,0,1204
f3,0,0,0,1204
h1,2,0,2,1204
h1,2,0,2,1204
f1,2,2,0,1204
h5,2,2,0,1204
f2,2,2,0,1204
h2,0,0,0,1205
h5,0,0,0,1205
h1,1,0,1,1205
f2,1,1,0,1205
h2,2,1,1,1205
h4,3,3,0,1205
f2,3,3,0,1205
f5,3,3,0,1205
h5,5,5,0,1205
h5,5,5,0,1205
h1,2,0,2,1206
h3,2,2,0,1206
f1,2,2,0,1206
f1,2,2,0,1206
f2,4,4,0,1206
h3,3,3,0,1206
f1,0,0,0,1207
h3,0,0,0,1207
f3,2,2,0,1207
f2,4,4,0,1207
h5,5,5,0,1207
h3,5,5,0,1207
f2,5,5,0,1207
f4,4,4,0,1207
h1,1,0,1,1208
f1,1,1,0,1208
f2,2,2,0,1208
h2,3,3,0,1208
h5,3,3,0,1208
f3,0,0,0,1209
h3,2,2,0,1209
f4,2,2,0,1209
h4,2,1,1,1209
f4,1,0,1,1209
f2,3,2,1,1209
f3,2,1,1,1209
h5,2,1,1,1209
h2,4,3,1,1209
h1,0,0,0,1210
h1,0,0,0,1210
h2,0,0,0,1210
h3,3,3,0,1210
h5,4,4,0,1210
h3,5,5,0,1210
h1,0,0,0,1211
h1,0,0,0,1211
h2,0,0,0,1211
h2,3,3,0,1211
h1,6,0,6,1211
h1,6,0,6,1211
f1,0,0,0,1212
h5,1,1,0,1212
f3,0,0,0,1212
h1,0,0,0,1212
h3,0,0,0,1212
h3,1,1,0,1212
h4,1,1,0,1212
f3,1,1,0,1212
h5,0,0,0,1213
f2,2,1,1,1213
f4,4,2,2,1213
h1,3,0,3,1213
h3,4,3,1,1213
h3,4,3,1,1213
h5,3,2,1,1213
h4,3,2,1,1213
f4,3,1,2,1213
h3,3,2,1,1214
h5,4,3,1,1214
h5,5,4,1,1214
h1,4,0,4,1214
f2,4,3,1,1214
h3,5,4,1,1214
h3,5,4,1,1214
h5,5,4,1,1214
h1,3,0,3,1214
f1,3,2,1,1214
h3,1,1,0,1216
h1,6,0,6,1216
h5,1,1,0,1217
f1,0,0,0,1217
f4,1,0,1,1217
h1,1,0,1,1217
h3,1,1,0,1217
f3,4,4,0,1217
f2,4,4,0,1217
f3,3,3,0,1217
f3,3,3,0,1217
h3,3,3,0,1218
h5,4,3,1,1218
f4,4,2,2,1218
h1,0,0,0,1219
f1,2,2,0,1219
h2,1,1,0,1219
h4,4,4,0,1219
f3,5,5,0,1219
h3,6,6,0,1219
f4,5,4,1,1219
f5,1,1,0,1220
h3,3,3,0,1220
h5,4,4,0,1220
f1,5,4,1,1220
h4,4,4,0,1220
f5,4,4,0,1220
f2,1,1,0,1221
h5,1,1,0,1221
f4,0,0,0,1221
h3,0,0,0,1221
f4,0,0,0,1221
h5,0,0,0,1221
h5,0,0,0,1221
f3,0,0,0,1221
f2,0,0,0,1221
f4,1,1,0,1222
f2,0,0,0,1222
h4,1,1,0,1222
h2,3,2,1,1222
h1,3,0,3,1222
h3,6,5,1,1222
h5,6,5,1,1222
h1,0,0,0,1223
f1,0,0,0,1223
f3,2,2,0,1223
f4,2,1,1,1223
f4,2,1,1,1223
h1,3,0,3,1223
h4,4,4,0,1223
h3,3,3,0,1223
f5,0,0,0,1224
f2,0,0,0,1224
h5,1,1,0,1224
h5,1,1,0,1224
f5,1,1,0,1224
f5,0,0,0,1224
h3,0,0,0,1224
f1,0,0,0,1224
h1,0,0,0,1224
f3,2,2,0,1225
h1,4,0,4,1225
f1,3,3,0,1225
f1,3,3,0,1225
h5,4,4,0,1225
f2,4,4,0,1225
h4,4,4,0,1225
f4,4,3,1,1225
f4,3,2,1,1225
h3,0,0,0,1226
f3,0,0,0,1226
f3,0,0,0,1226
h5,2,2,0,1226
h5,2,2,0,1226
h1,3,0,3,1226
h5,3,3,0,1226
f3,2,2,0,1226
h1,0,0,0,1227
h1,1,0,1,1227
h1,1,0,1,1227
h1,3,0,3,1227
h5,4,4,0,1227
h3,4,4,0,1227
h4,4,4,0,1227
h5,4,4,0,1227
f5,3,2,1,1227
f3,0,0,0,1228
f1,3,3,0,1228
h2,3,3,0,1228
f2,3,3,0,1228
h5,4,4,0,1228
f3,4,3,1,1228
h2,5,4,1,1228
h2,5,4,1,1228
f4,0,0,0,1229
f1,2,2,0,1229
h3,2,2,0,1229
f3,2,2,0,1229
h4,5,5,0,1229
f4,5,4,1,1229
h3,6,6,0,1229
f5,5,4,1,1229
h4,1,1,0,1230
h4,2,2,0,1230
h4,4,4,0,1230
h3,5,5,0,1230
f1,6,5,1,1230
f2,6,6,0,1230
f4,6,5,1,1230
h5,6,5,1,1231
h4,6,5,1,1231
f2,0,0,0,1232
f3,1,1,0,1232
h4,1,1,0,1232
f1,2,1,1,1232
f4,2,1,1,1232
h1,1,0,1,1232
h2,4,3,1,1232
h1,3,0,3,1232
f2,4,3,1,1232
f4,1,1,0,1233
f4,0,0,0,1233
h1,2,0,2,1233
h3,3,3,0,1233
h3,2,2,0,1233
f4,2,2,0,1233
h2,3,2,1,1233
h1,3,0,3,1233
f3,0,0,0,1234
h4,3,3,0,1234
f2,2,2,0,1234
f3,2,2,0,1234
h1,2,0,2,1234
h2,2,1,1,1234
f5,2,2,0,1234
h4,2,2,0,1234
h2,0,0,0,1235
h2,0,0,0,1235
h3,0,0,0,1235
f4,0,0,0,1235
h2,3,2,1,1235
f5,3,2,1,1235
f2,5,5,0,1235
h5,4,4,0,1235
h3,1,0,1,1236
h1,3,0,3,1236
h2,4,2,2,1236
f2,5,4,1,1236
h5,6,5,1,1236
f1,6,4,2,1236
f3,6,5,1,1236
f5,5,4,1,1236
f4,5,3,2,1236
h2,1,1,0,1237
f5,3,2,1,1237
h2,1,1,0,1237
f5,2,1,1,1237
f2,2,2,0,1237
f3,1,1,0,1237
f4,2,2,0,1237
h1,3,0,3,1237
f5,0,0,0,1238
f2,0,0,0,1238
h3,0,0,0,1238
f3,0,0,0,1238
h5,0,0,0,1238
h1,0,0,0,1238
f3,3,3,0,1238
f3,3,3,0,1239
h3,1,1,0,1240
h3,2,2,0,1240
f1,3,2,1,1240
h4,5,4,1,1240
f4,4,3,1,1240
h5,5,4,1,1240
h3,5,4,1,1240
f1,6,4,2,1240
h5,6,5,1,1240
f1,0,0,0,1241
h3,2,2,0,1241
f1,1,0,1,1241
h1,2,0,2,1241
h3,3,3,0,1241
f2,4,4,0,1241
f4,5,4,1,1241
h1,6,0,6,1241
h3,5,5,0,1241
f3,0,0,0,1242
h4,0,0,0,1242
f5,0,0,0,1242
f1,0,0,0,1242
f1,2,2,0,1242
h2,3,3,0,1242
f3,4,3,1,1242
h4,5,4,1,1242
h4,0,0,0,1243
f3,3,2,1,1243
h2,4,3,1,1243
f2,3,2,1,1243
f3,4,3,1,1243
f2,4,3,1,1243
f4,1,0,1,1244
f5,1,1,0,1244
h2,1,1,0,1244
h3,0,0,0,1244
h1,1,0,1,1244
h5,1,1,0,1244
h1,2,0,2,1244
f5,5,5,0,1244
f3,6,6,0,1244
h5,1,1,0,1245
h1,3,0,3,1245
h1,4,0,4,1245
h5,4,4,0,1245
f2,4,4,0,1245
f4,4,3,1,1245
h2,5,4,1,1245
f4,1,0,1,1246
f4,3,2,1,1246
h2,3,3,0,1246
h1,6,0,6,1246
h3,5,5,0,1246
h5,6,6,0,1246
h1,0,0,0,1247
h3,1,1,0,1247
f5,1,1,0,1247
h5,2,2,0,1247
f2,3,3,0,1247
h5,3,3,0,1247
h1,2,0,2,1247
h3,2,2,0,1247
h2,0,0,0,1248
h2,0,0,0,1248
h5,1,1,0,1248
h5,1,1,0,1248
h3,3,3,0,1248
f4,3,2,1,1248
f1,3,2,1,1248
h1,4,0,4,1248
f4,0,0,0,1249
h3,0,0,0,1249
h4,0,0,0,1249
f3,0,0,0,1249
h5,1,1,0,1249
h1,3,0,3,1249
f1,3,2,1,1249
h1,5,0,5,1249
h5,5,5,0,1249
h4,0,0,0,1250
f4,0,0,0,1250
h2,2,0,2,1250
h2,2,0,2,1250
h5,2,1,1,1250
h3,3,2,1,1250
f3,3,2,1,1250
h4,3,2,1,1250
f4,3,2,1,1250
f2,2,2,0,1251
h2,3,3,0,1251
h5,4,4,0,1251
h1,5,0,5,1251
f1,4,4,0,1251
f3,4,4,0,1251
f3,3,3,0,1251
h3,1,1,0,1252
f4,0,0,0,1252
h2,1,1,0,1252
h2,2,1,1,1252
f3,3,3,0,1252
f3,3,3,0,1252
h4,4,4,0,1252
h3,4,4,0,1252
h3,3,3,0,1253
f1,5,4,1,1253
h4,5,5,0,1253
h1,7,0,7,1253
f4,6,5,1,1253
h3,2,2,0,1254
f1,2,2,0,1254
f2,1,1,0,1254
h5,2,2,0,1254
f5,2,1,1,1254
h3,1,0,1,1255
h4,3,2,1,1255
f1,3,2,1,1255
f5,4,2,2,1255
h1,3,0,3,1255
h1,3,0,3,1255
f4,4,2,2,1255
h1,0,0,0,1256
h2,0,0,0,1256
h2,4,3,1,1256
f4,4,3,1,1256
h3,5,5,0,1256
f5,4,3,1,1256
f4,5,3,2,1256
h1,6,0,6,1256
f3,5,5,0,1256
h5,7,7,0,1256
h3,0,0,0,1257
f5,0,0,0,1257
f3,0,0,0,1257
f3,0,0,0,1257
h5,0,0,0,1257
h5,0,0,0,1257
h5,0,0,0,1257
h5,0,0,0,1257
h1,0,0,0,1258
f3,1,1,0,1258
h5,0,0,0,1258
f5,1,1,0,1258
f4,2,1,1,1258
f1,1,1,0,1258
h2,2,2,0,1258
h4,1,1,0,1258
h5,2,2,0,1259
h5,4,4,0,1259
h3,4,4,0,1259
f1,5,5,0,1259
h3,5,5,0,1259
h3,5,5,0,1259
f5,5,4,1,1259
h1,6,0,6,1259
f1,5,5,0,1259
f2,5,5,0,1259
f3,2,2,0,1260
h1,4,0,4,1260
h1,4,0,4,1260
h2,4,2,2,1260
f5,4,3,1,1260
h1,3,0,3,1260
f1,3,1,2,1260
h5,1,1,0,1261
f2,1,1,0,1261
h3,1,1,0,1261
f1,2,2,0,1261
h3,1,1,0,1262
h5,1,1,0,1262
h1,1,0,1,1262
f2,0,0,0,1262
h5,2,2,0,1262
f3,1,1,0,1262
h5,2,2,0,1262
h3,1,1,0,1262
f4,1,1,0,1262
f4,1,1,0,1263
f3,1,1,0,1263
f4,2,1,1,1263
h5,1,1,0,1263
h3,3,2,1,1263
f3,3,2,1,1263
f4,2,0,2,1263
h5,3,2,1,1263
h1,3,0,3,1263
h4,4,3,1,1263
f5,2,2,0,1264
f3,2,2,0,1264
h1,4,0,4,1264
h3,4,4,0,1264
h1,3,0,3,1264
h4,5,5,0,1264
h2,4,4,0,1264
h1,6,0,6,1264
f1,5,5,0,1264
f1,0,0,0,1265
f2,0,0,0,1265
f3,1,1,0,1265
h5,1,1,0,1265
h5,1,1,0,1265
f2,0,0,0,1265
f1,1,1,0,1265
h5,2,2,0,1265
h3,2,2,0,1265
f1,0,0,0,1266
f3,0,0,0,1266
h5,0,0,0,1266
f1,1,1,0,1266
h3,2,2,0,1266
h3,4,4,0,1266
h3,4,4,0,1266
h5,4,4,0,1266
f3,3,3,0,1266
f5,0,0,0,1267
f1,0,0,0,1267
h1,1,0,1,1267
h2,1,1,0,1267
h5,3,3,0,1267
h3,3,3,0,1267
h5,3,3,0,1267
f1,6,5,1,1267
h5,2,2,0,1268
h5,4,4,0,1268
f5,3,2,1,1268
h3,3,3,0,1268
f4,2,1,1,1268
f1,2,1,1,1268
f2,4,4,0,1268
h5,5,5,0,1268
h2,0,0,0,1269
h3,0,0,0,1269
h2,0,0,0,1269
h2,1,1,0,1269
h2,1,1,0,1269
h3,3,3,0,1269
h1,0,0,0,1270
h4,0,0,0,1270
h1,2,0,2,1270
h5,2,2,0,1270
h5,2,2,0,1270
f3,3,3,0,1270
f4,5,5,0,1270
f5,4,3,1,1270
f4,5,5,0,1270
f2,0,0,0,1271
h1,0,0,0,1271
h3,0,0,0,1271
f3,0,0,0,1271
f4,0,0,0,1271
h5,0,0,0,1271
h3,2,2,0,1271
f4,1,1,0,1271
f2,1,1,0,1271
f1,0,0,0,1272
f2,0,0,0,1272
h5,3,3,0,1272
f3,3,3,0,1272
f4,3,2,1,1272
h3,4,4,0,1272
f4,3,2,1,1272
f5,4,3,1,1272
f1,3,2,1,1272
h5,2,2,0,1273
h3,2,2,0,1273
h5,2,2,0,1273
h3,3,3,0,1273
f4,3,2,1,1273
f4,3,2,1,1273
h1,2,0,2,1273
f2,0,0,0,1274
f4,0,0,0,1274
h3,0,0,0,1274
h5,1,1,0,1274
h2,3,2,1,1274
f4,3,2,1,1274
f2,4,3,1,1274
h3,6,5,1,1274
h4,5,4,1,1274
f3,6,5,1,1274
h3,0,0,0,1275
f4,0,0,0,1275
h4,5,5,0,1275
h3,4,4,0,1275
f3,4,4,0,1275
h5,6,6,0,1275
f2,5,5,0,1275
f2,5,5,0,1275
h2,6,5,1,1275
h3,5,5,0,1275
f1,0,0,0,1276
h5,0,0,0,1276
h3,4,4,0,1276
f1,4,4,0,1276
f2,4,4,0,1276
f4,4,4,0,1276
h3,4,4,0,1276
f1,1,1,0,1277
h1,1,0,1,1277
h3,1,1,0,1277
h3,1,1,0,1277
h3,1,1,0,1277
h4,3,3,0,1277
h4,3,3,0,1277
f4,1,1,0,1278
h5,1,1,0,1278
f2,0,0,0,1278
f4,1,1,0,1278
h3,2,2,0,1278
f4,2,2,0,1278
f3,3,3,0,1278
h4,3,3,0,1278
h2,3,3,0,1278
h1,0,0,0,1279
h3,1,1,0,1279
f5,2,1,1,1279
f2,3,3,0,1279
h4,3,3,0,1279
f1,2,2,0,1279
h3,3,3,0,1279
h5,3,3,0,1279
h5,2,2,0,1279
h1,1,0,1,1280
h5,2,2,0,1280
h1,3,0,3,1280
f2,3,3,0,1280
h3,4,4,0,1280
h2,3,2,1,1280
f2,3,3,0,1280
f4,3,2,1,1280
h5,5,5,0,1280
f2,0,0,0,1281
h1,2,0,2,1281
f2,1,1,0,1281
f5,2,1,1,1281
h5,2,2,0,1281
h5,2,2,0,1281
h5,2,2,0,1281
f1,1,1,0,1281
h1,2,0,2,1282
f2,1,1,0,1282
f2,1,1,0,1282
h3,1,1,0,1282
h2,3,3,0,1282
f2,2,2,0,1282
h1,3,0,3,1282
f1,2,2,0,1282
h2,3,3,0,1282
f2,3,3,0,1282
h5,0,0,0,1283
h4,1,0,1,1283
h5,1,0,1,1283
h5,1,0,1,1283
h2,1,0,1,1283
h3,1,0,1,1283
h1,0,0,0,1283
f1,4,2,2,1283
h1,4,0,4,1283
h5,6,5,1,1283
h5,0,0,0,1284
h5,0,0,0,1284
h3,0,0,0,1284
f3,0,0,0,1284
f2,0,0,0,1284
f3,0,0,0,1284
h3,1,1,0,1284
f5,1,1,0,1284
h4,1,1,0,1285
h1,1,0,1,1285
h3,1,1,0,1285
h5,0,0,0,1285
h5,2,2,0,1285
f2,2,2,0,1285
h4,2,2,0,1285
h1,4,0,4,1285
h1,4,0,4,1285
f2,4,4,0,1285
f2,0,0,0,1286
f3,1,1,0,1286
f2,1,1,0,1286
f3,2,2,0,1286
h5,2,2,0,1286
f3,2,2,0,1286
f2,2,2,0,1286
h5,3,3,0,1286
h4,2,2,0,1286
f1,0,0,0,1287
h4,1,1,0,1287
f3,2,2,0,1287
h1,2,0,2,1287
f3,2,2,0,1287
f1,2,2,0,1287
h3,2,2,0,1287
f4,2,2,0,1287
h1,3,0,3,1287
f2,3,3,0,1287
h4,0,0,0,1288
h1,1,0,1,1288
f4,4,2,2,1288
f5,4,2,2,1288
h1,4,0,4,1288
f2,4,3,1,1288
f3,4,3,1,1288
f5,4,2,2,1288
f5,5,3,2,1288
f4,1,1,0,1289
h1,2,0,2,1289
h1,2,0,2,1289
h2,2,1,1,1289
f3,1,1,0,1289
f2,2,2,0,1289
h3,4,4,0,1289
h5,5,5,0,1289
h1,0,0,0,1290
h1,0,0,0,1290
f3,1,1,0,1290
h5,1,1,0,1290
h2,0,0,0,1290
h5,2,2,0,1290
f1,3,3,0,1290
h5,6,6,0,1290
f5,1,1,0,1291
f3,0,0,0,1291
h5,3,3,0,1291
h3,3,3,0,1291
f4,2,1,1,1291
h5,3,3,0,1291
h3,2,2,0,1291
f3,1,1,0,1291
h1,2,0,2,1291
f3,0,0,0,1292
f5,0,0,0,1292
f4,3,2,1,1292
f5,3,2,1,1292
f3,3,3,0,1292
f4,4,3,1,1292
f3,3,3,0,1292
h2,4,4,0,1292
h5,1,1,0,1293
h2,3,3,0,1293
f4,2,1,1,1293
h5,3,3,0,1293
f1,2,1,1,1293
f4,3,1,2,1293
h5,4,4,0,1293
h2,3,2,1,1293
h5,4,4,0,1293
f4,0,0,0,1294
f3,0,0,0,1294
f3,0,0,0,1294
h5,0,0,0,1294
h2,0,0,0,1294
h5,0,0,0,1294
h5,0,0,0,1294
h5,0,0,0,1294
f5,2,1,1,1295
f2,2,2,0,1295
f5,3,2,1,1295
h5,3,3,0,1295
f2,2,2,0,1295
h5,3,3,0,1295
h1,3,0,3,1295
f3,2,2,0,1295
h1,1,0,1,1296
f2,2,2,0,1296
h4,2,2,0,1296
h1,3,0,3,1296
h3,3,3,0,1296
f3,3,3,0,1296
f4,3,2,1,1297
h5,3,3,0,1297
h4,4,4,0,1297
h3,5,5,0,1297
f3,4,4,0,1297
f4,3,2,1,1298
f2,2,2,0,1298
h2,7,5,2,1298
h2,7,5,2,1298
f2,6,5,1,1298
f4,6,4,2,1298
f4,0,0,0,1299
f2,0,0,0,1299
f3,0,0,0,1299
h1,0,0,0,1299
h3,1,1,0,1299
f2,1,1,0,1299
h5,0,0,0,1299
f1,2,2,0,1300
h2,2,2,0,1300
f3,2,2,0,1300
h1,2,0,2,1300
h2,3,2,1,1300
h1,0,0,0,1301
h2,1,1,0,1301
f3,1,1,0,1301
f5,1,0,1,1301
h3,4,4,0,1301
f5,4,3,1,1301
h3,5,5,0,1301
f5,4,3,1,1301
h4,5,5,0,1301
h1,5,0,5,1302
h2,5,4,1,1302
f1,1,1,0,1303
h3,2,2,0,1303
h3,2,2,0,1303
h5,2,2,0,1303
h2,4,3,1,1303
f4,4,2,2,1303
f5,4,3,1,1303
f1,3,2,1,1303
f3,2,2,0,1304
h5,3,3,0,1304
h4,3,3,0,1304
h2,1,1,0,1304
h4,4,4,0,1304
h5,4,4,0,1304
f4,0,0,0,1305
f3,1,1,0,1305
f4,1,1,0,1305
h5,1,1,0,1305
h2,3,2,1,1305
h5,2,2,0,1305
h5,2,2,0,1305
f2,1,1,0,1305
f2,1,1,0,1305
f2,2,2,0,1306
h2,2,2,0,1306
h3,4,4,0,1306
h3,0,0,0,1307
f4,1,1,0,1307
f4,2,2,0,1307
f4,1,1,0,1307
h3,3,3,0,1307
f4,3,2,1,1307
f4,2,1,1,1307
h5,3,3,0,1307
h5,4,4,0,1308
h1,4,0,4,1308
h1,4,0,4,1308
h3,4,4,0,1308
f2,3,3,0,1308
f2,3,3,0,1308
h1,4,0,4,1308
h3,5,5,0,1308
h5,5,5,0,1308
f1,0,0,0,1309
h2,2,2,0,1309
h5,3,3,0,1309
h1,4,0,4,1309
f5,4,3,1,1309
f2,4,4,0,1309
h1,4,0,4,1309
f4,4,3,1,1309
h3,1,1,0,1310
h2,2,1,1,1310
f4,2,1,1,1310
h1,3,0,3,1310
h2,3,2,1,1310
h5,4,4,0,1310
f2,4,3,1,1310
f5,5,3,2,1310
f4,4,2,2,1310
h5,1,1,0,1311
h1,3,0,3,1311
f2,3,3,0,1311
h5,4,3,1,1311
f3,3,2,1,1311
f4,3,1,2,1311
h5,4,3,1,1311
h1,3,0,3,1311
h2,2,1,1,1312
f5,2,1,1,1312
f1,1,0,1,1312
f2,3,2,1,1312
h3,3,2,1,1312
h3,3,2,1,1312
h5,4,3,1,1312
f4,4,1,3,1312
f3,4,3,1,1312
f4,4,1,3,1312
h2,0,0,0,1313
h3,0,0,0,1313
f4,0,0,0,1313
f1,0,0,0,1313
f5,0,0,0,1313
f2,0,0,0,1313
h2,0,0,0,1313
h4,0,0,0,1313
f1,3,1,2,1314
h3,4,3,1,1314
f2,5,4,1,1314
f3,5,4,1,1314
f3,5,4,1,1314
h5,5,4,1,1314
f3,5,4,1,1314
f2,0,0,0,1315
h1,2,0,2,1315
h1,2,0,2,1315
f4,2,2,0,1315
f2,4,4,0,1315
f3,4,4,0,1315
h4,5,5,0,1315
h5,5,5,0,1315
f1,0,0,0,1316
f1,0,0,0,1316
f3,2,2,0,1316
f2,2,2,0,1316
f4,3,2,1,1316
h1,3,0,3,1316
h1,3,0,3,1316
h3,5,5,0,1316
h3,5,5,0,1316
f1,0,0,0,1317
h3,2,2,0,1317
h3,2,2,0,1317
h4,1,1,0,1317
h3,2,2,0,1317
h5,2,2,0,1317
f4,1,0,1,1317
f4,1,0,1,1317
f1,0,0,0,1318
f1,0,0,0,1318
h1,0,0,0,1318
h4,3,3,0,1318
f5,3,2,1,1318
h1,3,0,3,1318
h3,2,2,0,1318
h5,2,2,0,1318
h1,0,0,0,1319
f4,2,2,0,1319
h2,3,2,1,1319
f3,2,2,0,1319
h5,3,3,0,1319
f5,3,2,1,1319
f1,2,1,1,1319
h5,3,3,0,1319
f4,0,0,0,1320
h1,0,0,0,1320
h5,0,0,0,1320
h2,0,0,0,1320
h1,1,0,1,1320
h1,0,0,0,1321
f5,0,0,0,1321
f3,1,1,0,1321
f4,2,1,1,1321
h5,3,3,0,1321
f2,3,2,1,1321
f5,3,2,1,1321
f3,2,1,1,1321
f2,0,0,0,1322
f4,1,1,0,1322
f4,3,3,0,1322
f2,3,3,0,1322
f4,3,3,0,1322
h5,5,5,0,1322
h1,5,0,5,1322
h5,6,6,0,1322
h1,8,0,8,1322
h1,4,0,4,1323
f4,4,3,1,1323
h4,4,4,0,1323
h1,5,0,5,1323
f5,4,3,1,1323
h1,6,0,6,1323
f4,6,5,1,1323
h1,0,0,0,1324
f2,0,0,0,1324
f5,4,2,2,1324
h1,3,0,3,1324
f1,4,2,2,1324
f2,4,3,1,1324
f4,4,3,1,1324
h5,4,3,1,1324
f3,4,3,1,1324
f1,5,3,2,1324
f2,1,0,1,1325
f2,3,2,1,1325
h5,4,3,1,1325
f4,4,2,2,1325
f4,4,2,2,1325
h5,3,2,1,1325
h3,3,2,1,1325
f3,2,1,1,1325
h5,3,2,1,1325
h5,3,2,1,1325
f3,1,1,0,1326
f4,0,0,0,1326
h5,0,0,0,1326
h1,1,0,1,1326
f2,1,1,0,1326
h5,1,1,0,1326
h4,0,0,0,1326
f5,1,1,0,1326
h5,1,1,0,1327
f2,1,1,0,1327
h5,2,2,0,1327
h2,3,2,1,1327
h2,3,2,1,1327
f2,2,1,1,1327
h2,3,2,1,1327
f2,3,2,1,1327
h3,3,2,1,1327
f5,0,0,0,1328
h1,4,0,4,1328
h4,5,5,0,1328
f2,4,4,0,1328
h3,5,5,0,1328
f4,0,0,0,1329
h5,1,1,0,1329
f2,1,1,0,1329
h5,1,1,0,1329
h2,1,0,1,1329
h2,1,0,1,1329
h3,4,4,0,1329
h5,5,5,0,1329
h1,0,0,0,1330
h1,0,0,0,1330
f2,0,0,0,1330
f1,0,0,0,1330
h5,0,0,0,1330
h1,0,0,0,1330
h4,0,0,0,1330
f3,2,2,0,1330
h1,4,0,4,1330
h5,4,4,0,1330
f2,0,0,0,1331
h1,1,0,1,1331
h1,1,0,1,1331
f4,1,1,0,1331
f1,1,1,0,1331
f3,1,1,0,1331
f1,2,1,1,1331
f4,1,0,1,1332
h1,1,0,1,1332
f3,2,1,1,1332
h3,3,2,1,1332
h4,5,4,1,1332
f4,4,2,2,1332
f5,5,3,2,1332
h4,2,2,0,1333
h1,2,0,2,1333
f1,2,2,0,1333
h3,3,3,0,1333
h5,4,4,0,1333
h5,5,5,0,1333
h1,5,0,5,1333
h1,6,0,6,1333
h1,6,0,6,1333
h4,6,6,0,1333
f3,1,1,0,1334
h5,2,2,0,1334
f2,3,3,0,1334
f3,3,3,0,1334
f1,3,3,0,1334
h3,3,3,0,1334
h5,3,3,0,1334
f3,2,2,0,1334
f5,2,2,0,1334
h1,0,0,0,1335
f4,1,1,0,1335
h5,2,2,0,1335
f4,1,1,0,1335
h5,4,4,0,1335
h5,4,4,0,1335
f5,1,1,0,1336
f2,2,2,0,1336
f4,2,1,1,1336
h2,2,2,0,1336
f3,2,2,0,1336
f2,3,3,0,1336
f1,5,5,0,1336
f2,3,3,0,1336
f2,0,0,0,1337
h5,2,2,0,1337
h3,1,1,0,1337
h1,2,0,2,1337
f4,2,2,0,1337
f2,2,2,0,1337
h4,0,0,0,1338
f5,0,0,0,1338
f3,0,0,0,1338
f1,1,0,1,1338
h5,1,1,0,1338
h5,4,4,0,1338
f1,3,2,1,1338
h3,4,4,0,1338
f3,1,1,0,1339
h3,3,3,0,1339
f2,2,2,0,1339
h5,3,3,0,1339
h5,4,4,0,1339
f3,1,1,0,1340
h5,2,2,0,1340
h1,2,0,2,1340
h1,2,0,2,1340
f1,2,1,1,1340
f5,2,2,0,1340
f3,2,2,0,1340
f3,4,4,0,1340
h4,3,2,1,1341
f2,2,1,1,1341
f1,3,1,2,1341
h3,3,2,1,1341
f2,3,2,1,1341
h5,3,2,1,1341
f4,3,1,2,1341
f1,5,3,2,1341
f1,0,0,0,1342
h5,3,3,0,1342
f4,3,1,2,1342
f4,3,1,2,1342
f1,3,2,1,1342
h5,3,3,0,1342
f2,3,3,0,1342
h3,3,3,0,1342
f2,3,3,0,1342
h3,2,2,0,1343
h2,3,3,0,1343
h1,4,0,4,1343
h1,4,0,4,1343
f2,4,3,1,1343
h3,3,2,1,1343
h5,4,3,1,1343
f1,0,0,0,1344
h2,0,0,0,1344
h3,0,0,0,1344
f1,0,0,0,1344
h5,0,0,0,1344
f2,0,0,0,1344
h3,4,3,1,1344
f4,4,3,1,1344
f3,0,0,0,1345
h3,1,1,0,1345
f4,0,0,0,1345
h2,3,3,0,1345
f2,3,3,0,1345
h3,4,4,0,1345
h4,5,5,0,1345
h1,5,0,5,1345
h5,3,3,0,1346
h5,3,3,0,1346
h5,3,3,0,1346
h1,3,0,3,1346
h1,3,0,3,1346
h1,3,0,3,1346
h5,3,3,0,1346
f1,2,2,0,1347
f1,2,2,0,1347
f5,1,1,0,1347
f3,2,2,0,1347
h1,3,0,3,1347
f4,2,2,0,1347
f2,2,2,0,1348
f4,3,2,1,1348
h2,4,3,1,1348
h1,0,0,0,1349
f4,0,0,0,1349
f4,0,0,0,1349
h5,0,0,0,1349
h4,0,0,0,1349
f4,2,1,1,1349
h5,2,2,0,1349
h3,2,2,0,1349
h1,0,0,0,1350
h4,0,0,0,1350
h5,0,0,0,1350
h4,2,1,1,1350
h5,2,1,1,1350
f5,2,1,1,1350
h5,4,3,1,1350
f1,0,0,0,1351
h1,1,0,1,1351
f2,3,2,1,1351
f3,3,2,1,1351
h1,3,0,3,1351
h5,2,2,0,1352
h5,2,2,0,1352
h2,3,3,0,1352
h3,4,4,0,1352
h3,4,4,0,1352
h5,4,4,0,1352
h5,4,4,0,1352
h5,4,4,0,1352
f2,0,0,0,1353
f1,0,0,0,1353
h4,0,0,0,1353
h1,2,0,2,1353
f2,3,3,0,1353
f1,2,1,1,1353
h2,3,2,1,1353
f1,4,2,2,1353
f5,2,2,0,1354
f3,5,4,1,1354
h3,6,5,1,1354
h3,6,5,1,1354
f3,5,4,1,1354
h4,5,4,1,1354
f1,0,0,0,1355
h2,2,2,0,1355
h2,2,2,0,1355
f2,0,0,0,1355
h2,1,1,0,1355
h3,2,2,0,1355
h5,2,2,0,1355
f2,1,1,0,1355
f3,3,3,0,1356
h1,3,0,3,1356
f2,2,2,0,1356
f3,3,3,0,1356
f2,2,2,0,1356
h2,4,4,0,1356
h3,4,4,0,1356
f3,3,3,0,1356
f5,0,0,0,1357
h5,0,0,0,1357
f4,1,1,0,1357
h3,1,1,0,1357
h1,1,0,1,1357
f4,1,1,0,1357
h1,0,0,0,1357
f4,0,0,0,1357
f4,0,0,0,1358
h5,0,0,0,1358
h5,4,3,1,1358
h3,6,5,1,1358
f4,5,2,3,1358
h3,6,5,1,1358
h1,0,0,0,1359
h2,0,0,0,1359
f2,0,0,0,1359
h4,0,0,0,1359
f2,1,1,0,1359
h5,1,1,0,1359
h1,1,0,1,1359
h3,3,3,0,1359
h4,2,2,0,1359
h1,2,0,2,1360
h1,3,0,3,1360
f2,3,2,1,1360
f2,3,2,1,1360
f2,3,2,1,1360
h2,0,0,0,1361
h5,2,2,0,1361
h5,2,2,0,1361
h3,2,2,0,1361
h5,2,2,0,1361
f2,0,0,0,1361
f2,2,2,0,1361
h5,3,3,0,1361
f1,0,0,0,1362
h3,1,1,0,1362
f4,1,0,1,1362
h3,1,1,0,1362
h5,1,1,0,1362
f5,4,4,0,1362
h3,6,6,0,1362
f4,0,0,0,1363
h1,1,0,1,1363
h5,0,0,0,1363
f4,1,1,0,1363
f4,4,4,0,1363
h1,5,0,5,1363
h3,0,0,0,1364
h5,0,0,0,1364
h3,1,0,1,1364
h1,0,0,0,1364
f2,1,0,1,1364
h5,1,0,1,1364
f1,4,3,1,1364
h2,5,4,1,1364
f4,5,4,1,1364
f3,2,2,0,1365
h2,5,4,1,1365
h4,5,5,0,1365
h2,1,0,1,1366
h2,1,0,1,1366
f4,3,1,2,1366
f4,4,2,2,1366
h3,4,3,1,1366
h3,4,3,1,1366
h3,4,3,1,1366
f2,0,0,0,1367
h1,0,0,0,1367
f3,0,0,0,1367
f1,2,1,1,1367
f3,3,2,1,1367
f4,5,3,2,1367
h4,1,1,0,1368
h5,1,1,0,1368
f4,1,1,0,1368
h5,1,1,0,1368
h1,1,0,1,1368
h2,1,0,1,1368
h1,1,0,1,1368
h4,3,2,1,1368
h5,5,4,1,1368
f1,0,0,0,1369
h3,0,0,0,1369
f4,0,0,0,1369
f4,0,0,0,1369
h5,0,0,0,1369
h5,0,0,0,1369
f2,0,0,0,1369
h1,0,0,0,1369
h1,0,0,0,1370
f1,0,0,0,1370
f1,2,2,0,1370
h4,4,4,0,1370
h5,3,3,0,1370
h3,3,3,0,1370
h2,2,2,0,1370
h1,2,0,2,1370
h1,2,0,2,1370
h4,1,1,0,1371
h3,2,2,0,1371
h3,2,2,0,1371
f2,2,2,0,1371
h5,3,3,0,1371
h3,3,3,0,1371
h5,3,3,0,1371
f3,2,2,0,1371
h5,3,3,0,1372
f2,4,4,0,1372
h3,5,5,0,1372
h3,5,5,0,1372
h2,6,5,1,1372
f4,5,5,0,1372
f5,5,4,1,1372
f4,0,0,0,1373
h1,1,0,1,1373
h1,1,0,1,1373
f2,1,1,0,1373
h1,1,0,1,1373
h3,1,1,0,1373
h3,2,2,0,1373
f4,1,1,0,1373
h5,3,3,0,1373
f2,3,3,0,1374
h5,4,4,0,1374
f4,5,3,2,1374
h2,4,4,0,1374
f2,4,4,0,1374
f4,6,4,2,1374
h5,6,6,0,1374
f4,6,4,2,1374
f3,2,2,0,1375
f3,3,3,0,1375
h3,4,4,0,1375
f5,5,4,1,1375
h4,5,5,0,1375
f5,5,4,1,1375
f4,4,3,1,1375
f4,0,0,0,1376
h1,1,0,1,1376
h1,4,0,4,1376
f2,3,3,0,1376
f3,4,4,0,1376
h5,5,5,0,1376
f2,4,4,0,1376
h5,5,5,0,1376
f1,4,3,1,1376
h3,5,5,0,1376
h1,0,0,0,1377
f1,0,0,0,1377
f4,1,1,0,1377
f4,1,1,0,1377
h5,1,1,0,1377
h3,1,1,0,1377
h3,2,1,1,1377
h1,2,0,2,1377
h2,3,2,1,1377
f4,3,2,1,1377
f3,2,1,1,1378
h3,5,4,1,1378
f4,5,2,3,1378
f5,4,3,1,1378
h2,3,2,1,1378
h5,5,4,1,1378
f1,4,3,1,1378
f1,4,3,1,1378
h3,1,1,0,1379
h5,1,1,0,1379
h1,2,0,2,1379
h3,5,5,0,1379
h5,5,5,0,1379
h5,5,5,0,1379
h4,5,5,0,1379
f4,5,4,1,1379
f3,0,0,0,1380
h3,3,3,0,1380
h5,3,3,0,1380
h1,3,0,3,1380
h2,4,3,1,1380
h3,3,2,1,1381
f4,4,2,2,1381
h5,5,4,1,1381
h5,5,4,1,1381
h4,5,4,1,1381
h2,5,3,2,1381
f4,3,2,1,1381
h5,4,3,1,1381
f5,3,1,2,1381
h1,0,0,0,1382
f1,1,0,1,1382
f4,4,2,2,1382
h1,3,0,3,1382
f2,3,2,1,1382
h1,4,0,4,1382
h5,6,5,1,1382
f4,6,4,2,1382
h3,5,4,1,1382
h4,2,2,0,1383
h1,3,0,3,1383
f1,2,2,0,1383
f3,3,3,0,1383
f2,3,3,0,1383
f2,3,3,0,1383
h3,3,3,0,1383
f5,3,3,0,1383
f2,0,0,0,1384
h4,0,0,0,1384
f3,1,1,0,1384
h5,4,4,0,1384
h1,6,0,6,1384
h1,6,0,6,1384
h2,5,4,1,1384
h4,6,6,0,1384
h1,6,0,6,1384
h1,2,0,2,1385
h5,2,2,0,1385
f2,1,1,0,1385
f5,1,1,0,1385
h5,2,2,0,1385
h5,3,3,0,1385
f2,3,3,0,1385
f3,3,3,0,1385
f4,4,4,0,1385
h2,0,0,0,1386
f4,2,2,0,1386
f2,2,2,0,1386
f2,4,4,0,1386
h3,5,5,0,1386
h1,6,0,6,1386
f3,5,5,0,1386
h5,0,0,0,1387
h3,0,0,0,1387
f3,0,0,0,1387
h3,2,2,0,1387
f4,1,1,0,1387
h1,2,0,2,1387
f2,3,2,1,1387
h5,4,3,1,1387
h3,0,0,0,1388
h1,2,0,2,1388
f1,2,1,1,1388
h5,2,2,0,1388
h5,2,2,0,1388
h1,2,0,2,1388
h3,3,3,0,1388
h3,3,3,0,1388
f3,3,3,0,1388
h1,1,0,1,1389
h5,4,4,0,1389
h4,4,4,0,1389
f1,4,3,1,1389
h3,4,4,0,1389
f5,3,2,1,1389
f3,0,0,0,1390
h1,0,0,0,1390
h1,0,0,0,1390
h3,1,1,0,1390
f5,1,1,0,1390
h5,1,1,0,1390
h1,2,0,2,1390
h2,3,3,0,1390
h3,2,2,0,1390
f2,1,1,0,1391
h3,3,3,0,1391
h5,3,3,0,1391
f2,1,1,0,1391
h3,2,2,0,1391
h5,5,5,0,1391
h5,5,5,0,1391
f1,0,0,0,1392
f2,0,0,0,1392
h3,0,0,0,1392
f1,1,0,1,1392
f2,3,3,0,1392
f5,2,2,0,1392
h5,3,3,0,1392
f2,1,1,0,1393
h5,2,2,0,1393
f2,5,5,0,1393
f4,4,3,1,1393
f3,4,4,0,1393
h5,4,4,0,1393
f2,5,5,0,1393
h2,5,5,0,1393
h2,2,1,1,1394
f4,1,1,0,1394
h5,1,1,0,1394
h2,2,1,1,1394
f5,1,1,0,1394
h1,1,0,1,1394
f4,1,0,1,1394
h3,2,2,0,1394
h5,3,3,0,1394
f4,4,3,1,1394
h3,0,0,0,1395
h5,1,1,0,1395
f2,0,0,0,1395
h1,1,0,1,1395
h5,1,1,0,1395
h3,1,1,0,1395
f2,1,1,0,1395
h1,0,0,0,1396
h1,3,0,3,1396
f2,5,4,1,1396
f2,5,4,1,1396
f2,5,4,1,1396
h1,4,0,4,1396
h3,4,3,1,1396
f3,3,2,1,1396
h5,2,2,0,1397
f2,1,1,0,1397
f4,1,1,0,1397
h2,1,1,0,1397
f5,2,2,0,1397
h5,3,3,0,1397
h1,3,0,3,1397
h1,3,0,3,1397
f2,2,2,0,1397
h1,0,0,0,1398
h2,2,2,0,1398
h3,3,3,0,1398
h4,3,3,0,1398
h5,4,4,0,1398
f1,4,4,0,1398
h3,3,3,0,1398
h3,2,2,0,1398
h2,4,3,1,1398
h5,2,1,1,1399
h1,1,0,1,1399
h1,3,0,3,1399
h3,4,3,1,1399
f2,4,3,1,1399
h1,4,0,4,1399
f4,5,3,2,1399
h5,5,4,1,1399
f4,5,3,2,1399
f3,1,1,0,1400
f1,2,2,0,1400
f3,2,2,0,1400
h5,3,3,0,1400
h2,5,4,1,1400
h4,5,5,0,1400
h3,5,5,0,1400
f2,4,4,0,1400
h3,5,5,0,1400
f4,0,0,0,1401
h3,0,0,0,1401
f4,4,3,1,1401
h3,0,0,0,1402
f1,0,0,0,1402
f2,0,0,0,1402
h3,0,0,0,1402
f5,1,0,1,1402
h3,1,1,0,1402
h5,2,2,0,1402
h1,2,0,2,1402
h1,2,0,2,1402
f4,3,2,1,1402
h3,0,0,0,1403
h1,1,0,1,1403
h1,1,0,1,1403
h1,2,0,2,1403
f2,1,1,0,1403
f3,1,1,0,1403
h1,4,0,4,1403
h3,4,4,0,1403
h5,0,0,0,1404
h2,0,0,0,1404
f3,0,0,0,1404
h5,5,5,0,1404
h5,5,5,0,1404
f4,4,4,0,1404
h1,6,0,6,1404
h5,7,7,0,1404
h1,3,0,3,1405
f3,2,2,0,1405
h4,3,3,0,1405
h2,3,3,0,1405
h3,4,4,0,1405
h3,4,4,0,1405
h5,2,2,0,1406
h2,3,2,1,1406
f2,2,1,1,1406
h1,3,0,3,1406
h1,4,0,4,1406
h1,4,0,4,1406
f5,4,2,2,1406
f2,4,3,1,1406
h1,4,0,4,1406
h3,4,3,1,1406
f5,0,0,0,1407
f1,0,0,0,1407
h5,0,0,0,1407
h5,0,0,0,1407
h3,1,1,0,1407
h3,1,1,0,1407
f4,2,1,1,1407
f2,3,3,0,1407
h1,4,0,4,1407
h3,4,4,0,1407
f3,1,1,0,1408
h5,1,1,0,1408
f1,1,1,0,1408
h5,0,0,0,1408
h2,0,0,0,1408
f1,0,0,0,1408
f4,0,0,0,1408
h1,1,0,1,1408
h4,2,1,1,1408
h5,1,0,1,1408
f4,0,0,0,1409
h2,1,0,1,1409
f2,1,0,1,1409
f2,3,2,1,1409
f2,3,2,1,1409
h3,3,2,1,1409
h3,6,5,1,1409
h1,0,0,0,1410
h1,2,0,2,1410
f2,2,2,0,1410
h2,5,4,1,1410
h1,5,0,5,1410
h1,5,0,5,1410
h3,5,5,0,1410
f1,4,3,1,1410
h2,1,1,0,1411
f1,2,2,0,1411
f2,3,3,0,1411
h5,3,3,0,1411
f5,3,3,0,1411
h2,3,3,0,1411
h5,2,2,0,1411
f4,4,4,0,1411
h4,1,1,0,1412
h5,4,4,0,1412
f5,4,3,1,1412
h3,5,4,1,1412
f3,4,3,1,1412
h1,4,0,4,1412
h5,5,4,1,1412
f3,0,0,0,1413
f2,3,3,0,1413
h3,3,3,0,1413
h1,3,0,3,1413
f3,4,3,1,1413
h5,6,5,1,1413
f5,6,4,2,1413
h1,0,0,0,1414
h5,1,1,0,1414
f2,1,1,0,1414
f4,0,0,0,1414
f2,0,0,0,1414
f3,0,0,0,1414
f2,3,3,0,1414
f5,4,3,1,1414
f3,0,0,0,1415
f4,0,0,0,1415
f4,0,0,0,1415
f1,0,0,0,1415
h3,0,0,0,1415
h3,1,1,0,1415
f4,1,1,0,1415
h3,0,0,0,1415
h1,0,0,0,1416
h1,2,0,2,1416
h3,2,2,0,1416
f4,3,2,1,1416
h3,4,3,1,1416
f1,4,2,2,1416
h2,4,2,2,1416
h3,4,3,1,1416
h1,0,0,0,1417
h4,1,1,0,1417
f4,1,0,1,1417
h2,0,0,0,1417
f3,3,3,0,1417
h3,4,4,0,1417
h3,5,5,0,1417
f3,4,4,0,1417
f4,4,2,2,1417
h2,0,0,0,1418
h5,0,0,0,1418
h1,1,0,1,1418
h1,3,0,3,1418
f2,4,4,0,1418
f2,4,4,0,1418
h5,4,4,0,1418
h3,4,4,0,1418
h5,4,4,0,1418
h1,0,0,0,1419
f4,0,0,0,1419
h3,3,3,0,1419
h3,4,3,1,1419
f4,4,2,2,1419
h5,4,3,1,1419
h3,4,3,1,1419
h3,4,3,1,1419
h3,4,3,1,1419
h3,1,1,0,1420
f4,1,1,0,1420
f2,1,1,0,1420
h5,2,2,0,1420
f4,2,2,0,1420
h3,3,3,0,1420
h5,3,3,0,1420
f1,4,3,1,1420
h4,3,3,0,1420
f4,1,1,0,1421
h5,3,3,0,1421
h5,3,3,0,1421
f3,5,5,0,1421
f4,4,2,2,1421
h4,4,4,0,1421
f3,4,4,0,1421
h4,4,4,0,1421
h4,4,4,0,1421
h2,1,1,0,1422
h4,2,2,0,1422
h5,3,3,0,1422
f2,4,4,0,1422
h2,5,4,1,1422
f2,4,4,0,1422
h4,5,5,0,1422
f2,0,0,0,1423
h3,1,1,0,1423
f4,1,1,0,1423
f3,0,0,0,1423
f2,1,1,0,1423
h3,1,1,0,1423
f3,0,0,0,1424
f5,1,1,0,1424
h3,2,2,0,1424
h1,4,0,4,1424
h3,5,5,0,1424
h5,5,5,0,1424
f4,4,3,1,1424
h2,6,4,2,1424
h1,0,0,0,1425
h4,0,0,0,1425
h3,0,0,0,1425
f3,0,0,0,1425
h4,1,1,0,1425
f4,1,0,1,1425
h5,1,1,0,1425
h1,1,0,1,1425
f2,1,1,0,1425
h1,0,0,0,1426
f4,1,0,1,1426
f5,1,1,0,1426
h1,2,0,2,1426
f1,1,1,0,1426
h3,2,2,0,1426
f1,1,1,0,1426
h1,2,0,2,1427
f4,1,1,0,1427
h1,2,0,2,1427
f1,2,1,1,1427
f1,1,0,1,1427
h1,2,0,2,1427
h2,2,1,1,1427
f2,3,3,0,1427
h3,4,4,0,1427
f4,1,0,1,1428
h3,2,2,0,1428
f1,2,2,0,1428
h3,2,2,0,1428
h3,1,1,0,1428
f3,3,2,1,1428
f2,4,3,1,1428
f4,5,2,3,1428
h2,4,2,2,1428
f4,4,1,3,1428
h1,0,0,0,1429
h1,0,0,0,1429
f1,0,0,0,1429
h3,2,2,0,1429
h4,2,2,0,1429
f3,4,3,1,1429
f3,4,3,1,1429
f4,3,1,2,1429
h1,0,0,0,1430
f4,0,0,0,1430
h5,0,0,0,1430
h2,1,1,0,1430
h5,3,3,0,1430
f4,3,2,1,1430
f1,4,3,1,1430
h5,1,1,0,1432
h3,1,1,0,1432
h3,1,1,0,1432
f4,2,2,0,1432
h5,5,4,1,1432
h1,4,0,4,1432
h5,5,4,1,1432
h1,0,0,0,1433
h1,0,0,0,1433
h1,0,0,0,1433
h3,0,0,0,1433
f4,3,2,1,1433
h2,3,3,0,1433
h3,4,4,0,1433
h4,4,4,0,1433
h4,0,0,0,1434
f3,0,0,0,1434
h5,0,0,0,1434
h1,0,0,0,1434
f5,0,0,0,1434
f4,1,1,0,1434
h5,1,1,0,1434
f4,1,1,0,1434
h5,1,1,0,1434
f1,0,0,0,1435
f4,1,0,1,1435
f1,0,0,0,1435
h3,1,1,0,1435
f3,2,2,0,1435
f3,2,2,0,1435
h5,3,3,0,1435
f2,2,2,0,1435
f4,4,3,1,1435
f4,4,3,1,1435
f4,0,0,0,1436
f2,4,3,1,1436
h4,5,4,1,1436
h1,5,0,5,1436
f3,5,4,1,1436
h2,4,3,1,1436
f2,4,3,1,1436
h3,6,5,1,1436
h5,6,5,1,1436
h1,3,0,3,1437
h3,3,3,0,1437
f5,3,3,0,1437
h1,4,0,4,1437
h4,4,4,0,1437
h2,4,4,0,1437
h3,3,3,0,1437
h5,4,4,0,1437
f1,2,2,0,1437
h4,4,4,0,1437
f2,0,0,0,1438
h1,1,0,1,1438
f4,3,2,1,1438
f5,4,4,0,1438
f2,3,3,0,1438
f2,2,2,0,1438
h5,3,3,0,1438
h3,3,3,0,1438
f3,3,3,0,1439
h3,3,3,0,1439
f4,5,4,1,1439
h1,5,0,5,1439
f1,4,4,0,1439
h5,6,6,0,1439
h1,1,0,1,1440
h5,1,1,0,1440
h5,1,1,0,1440
h5,4,4,0,1440
h5,4,4,0,1440
f2,4,4,0,1440
f4,4,3,1,1440
h2,0,0,0,1441
h4,1,1,0,1441
h4,1,1,0,1441
h4,1,1,0,1441
h1,1,0,1,1441
h2,0,0,0,1441
h3,1,1,0,1441
f3,4,4,0,1441
h2,0,0,0,1442
f3,2,2,0,1442
h1,1,0,1,1442
f4,3,2,1,1442
f1,3,3,0,1442
f2,3,3,0,1442
f3,3,3,0,1442
h4,4,4,0,1442
h5,4,4,0,1442
h4,2,2,0,1443
h2,2,2,0,1443
h1,4,0,4,1443
f2,5,5,0,1443
f2,5,5,0,1443
h3,5,5,0,1443
f4,5,4,1,1443
f3,5,5,0,1443
f1,1,1,0,1444
h1,0,0,0,1445
f4,1,1,0,1445
h2,1,1,0,1445
h1,2,0,2,1445
h2,3,3,0,1445
f3,5,4,1,1445
f2,5,4,1,1445
h3,4,3,1,1445
h4,5,4,1,1445
h5,6,5,1,1445
h2,0,0,0,1446
f2,0,0,0,1446
f2,0,0,0,1446
h4,1,1,0,1446
h3,1,1,0,1446
f4,0,0,0,1446
h2,2,2,0,1446
h4,2,2,0,1446
h5,4,4,0,1446
h4,5,5,0,1446
f2,0,0,0,1447
h3,6,6,0,1447
h1,0,0,0,1448
h3,0,0,0,1448
h5,1,1,0,1448
h5,5,4,1,1448
f1,4,2,2,1448
f3,5,4,1,1448
h5,6,5,1,1448
h1,1,0,1,1449
h1,2,0,2,1449
h3,2,2,0,1449
f1,1,1,0,1449
f3,2,2,0,1449
h2,2,2,0,1449
h4,3,3,0,1449
f5,2,2,0,1449
h1,2,0,2,1449
f4,0,0,0,1450
f4,0,0,0,1450
h1,2,0,2,1450
h3,2,2,0,1450
h4,4,4,0,1450
h3,5,5,0,1450
f5,5,4,1,1450
h3,0,0,0,1451
f4,1,1,0,1451
f4,2,1,1,1451
h5,4,4,0,1451
f1,4,4,0,1451
h5,5,5,0,1451
h1,0,0,0,1452
f1,0,0,0,1452
h1,1,0,1,1452
h5,1,1,0,1452
f2,3,2,1,1452
h2,3,2,1,1452
h1,4,0,4,1452
f4,5,4,1,1452
f4,6,4,2,1452
h5,5,4,1,1452
f3,0,0,0,1453
f4,0,0,0,1453
h1,0,0,0,1453
f5,2,2,0,1453
h3,1,1,0,1453
h5,2,2,0,1453
h1,4,0,4,1453
h1,4,0,4,1453
f1,4,3,1,1453
h3,4,4,0,1453
f1,1,1,0,1454
h1,1,0,1,1454
h3,1,1,0,1454
h1,2,0,2,1454
h2,2,2,0,1454
f3,1,1,0,1454
h4,2,2,0,1454
f1,2,2,0,1454
h3,2,2,0,1454
h4,2,2,0,1454
h1,0,0,0,1455
h1,3,0,3,1455
f1,2,2,0,1455
h3,3,3,0,1455
f2,2,2,0,1455
h4,2,2,0,1455
f3,3,2,1,1455
f3,3,2,1,1455
h4,2,1,1,1455
h2,0,0,0,1456
f2,0,0,0,1456
f4,0,0,0,1456
h5,0,0,0,1456
f4,4,3,1,1456
h5,4,4,0,1456
f4,4,3,1,1456
h5,3,2,1,1457
h5,3,2,1,1457
h2,3,1,2,1457
h3,3,2,1,1457
h3,2,1,1,1457
f1,1,0,1,1457
h5,1,0,1,1457
h5,3,2,1,1457
h5,4,3,1,1457
f1,0,0,0,1458
h5,1,1,0,1458
f3,1,1,0,1458
h5,1,1,0,1458
f4,0,0,0,1458
f1,0,0,0,1458
h3,0,0,0,1458
h2,2,1,1,1458
h3,3,3,0,1459
f3,2,2,0,1459
h1,2,0,2,1459
f4,4,3,1,1459
h5,0,0,0,1460
h1,1,0,1,1460
h1,1,0,1,1460
h4,2,2,0,1460
h3,2,2,0,1460
h1,3,0,3,1460
f2,2,2,0,1460
h5,4,4,0,1460
h1,4,0,4,1460
h3,3,3,0,1460
f3,2,2,0,1461
h5,3,3,0,1461
h1,5,0,5,1461
h5,5,5,0,1461
f4,4,3,1,1461
f5,3,2,1,1461
h3,4,4,0,1461
h1,0,0,0,1462
f4,1,1,0,1462
h2,1,1,0,1462
f2,4,4,0,1462
h3,4,4,0,1462
h2,5,5,0,1462
h3,5,4,1,1462
f3,5,4,1,1462
f3,5,4,1,1462
f2,1,1,0,1463
f2,1,1,0,1463
h1,2,0,2,1463
h2,2,2,0,1463
f1,1,1,0,1463
f3,0,0,0,1463
h5,0,0,0,1463
h5,3,3,0,1463
h3,0,0,0,1464
h3,2,2,0,1464
f3,1,1,0,1464
f4,1,1,0,1464
h5,2,2,0,1464
h5,1,1,0,1464
h3,2,2,0,1464
f1,0,0,0,1464
f2,1,1,0,1465
h3,2,2,0,1465
h4,2,2,0,1465
f4,4,2,2,1465
f3,4,4,0,1465
h3,4,4,0,1465
f3,1,1,0,1466
h5,4,3,1,1466
h3,4,3,1,1466
f4,3,0,3,1466
h2,3,1,2,1466
h3,4,3,1,1466
f2,4,3,1,1466
f3,3,3,0,1467
f3,3,3,0,1467
h3,3,3,0,1467
h2,3,3,0,1467
f5,4,3,1,1467
h1,0,0,0,1468
f2,0,0,0,1468
h2,2,2,0,1468
f4,3,2,1,1468
f4,3,2,1,1468
h1,3,0,3,1468
h4,3,3,0,1468
h1,2,0,2,1468
f2,1,1,0,1468
h2,0,0,0,1469
f3,0,0,0,1469
f1,1,1,0,1469
f2,5,5,0,1469
h3,5,5,0,1469
h3,5,5,0,1469
f3,4,4,0,1469
f1,4,3,1,1469
f2,5,5,0,1469
h1,2,0,2,1470
h2,1,0,1,1470
f3,3,3,0,1470
h3,3,3,0,1470
h3,3,3,0,1470
f4,2,1,1,1470
h2,1,0,1,1470
f5,3,3,0,1470
h1,2,0,2,1471
h1,2,0,2,1471
f3,3,3,0,1471
h5,2,2,0,1471
h2,2,1,1,1471
f2,3,3,0,1471
h4,3,3,0,1471
f4,3,2,1,1471
h1,4,0,4,1471
h2,3,2,1,1471
h1,0,0,0,1472
f5,0,0,0,1472
h1,0,0,0,1472
h3,2,1,1,1472
f2,3,2,1,1472
h3,4,3,1,1472
h1,3,0,3,1472
h3,4,3,1,1472
f4,4,3,1,1472
f1,4,3,1,1473
f2,4,4,0,1473
f4,0,0,0,1474
h3,2,2,0,1474
f4,1,1,0,1474
h2,1,1,0,1474
h5,4,4,0,1474
h5,4,4,0,1474
f1,3,2,1,1474
h2,3,2,1,1474
h3,2,2,0,1474
h4,1,1,0,1475
f3,2,2,0,1475
h1,2,0,2,1475
f2,5,5,0,1475
f3,5,5,0,1475
f4,6,4,2,1475
f5,2,1,1,1476
h2,3,1,2,1476
f2,5,4,1,1476
h5,6,5,1,1476
h3,5,4,1,1476
h5,6,5,1,1476
h1,5,0,5,1476
h3,6,5,1,1476
h2,0,0,0,1477
h3,0,0,0,1477
h5,2,2,0,1477
f5,2,2,0,1477
f1,3,3,0,1477
h5,3,3,0,1477
h1,3,0,3,1477
h3,2,2,0,1477
h5,3,3,0,1477
h2,5,5,0,1477
h2,1,1,0,1478
f2,1,1,0,1478
f3,1,1,0,1478
f3,0,0,0,1478
f4,2,2,0,1478
h1,2,0,2,1478
h3,2,2,0,1478
h2,1,0,1,1478
h3,2,2,0,1478
h1,2,0,2,1479
h1,3,0,3,1479
h1,3,0,3,1479
f4,2,2,0,1479
f4,2,2,0,1479
f4,2,2,0,1479
f2,1,1,0,1479
f1,3,2,1,1479
h4,3,3,0,1479
h2,0,0,0,1480
h1,1,0,1,1480
h5,1,1,0,1480
h1,1,0,1,1480
h3,1,1,0,1480
f4,3,2,1,1480
h3,3,3,0,1480
h3,3,3,0,1480
h2,3,3,0,1480
f5,2,2,0,1481
h5,2,2,0,1481
h5,3,3,0,1481
f1,3,2,1,1481
f2,2,2,0,1481
f2,2,2,0,1481
f2,2,2,0,1481
h1,3,0,3,1481
h3,0,0,0,1482
h3,2,2,0,1482
h5,3,3,0,1482
f4,3,2,1,1482
f4,3,2,1,1482
f1,2,2,0,1482
h5,4,4,0,1482
h3,4,4,0,1482
f2,1,1,0,1483
h1,1,0,1,1483
f2,3,3,0,1483
h3,3,3,0,1483
h1,2,0,2,1483
h2,2,1,1,1483
h4,2,2,0,1483
f4,1,1,0,1483
h5,4,4,0,1483
f4,0,0,0,1484
f5,0,0,0,1484
f5,1,1,0,1484
h3,2,2,0,1484
h3,1,1,0,1484
f4,2,2,0,1484
f1,3,2,1,1484
h5,4,3,1,1484
f5,3,2,1,1484
h4,0,0,0,1485
h1,0,0,0,1485
f4,2,1,1,1485
h5,2,2,0,1485
h5,3,3,0,1485
f1,3,2,1,1485
h5,3,3,0,1485
f2,3,3,0,1485
f2,3,3,0,1485
h1,0,0,0,1486
f2,0,0,0,1486
f4,2,2,0,1486
h5,4,3,1,1486
f2,3,2,1,1486
h2,2,1,1,1487
h3,1,0,1,1487
h1,4,0,4,1487
h1,4,0,4,1487
f4,5,2,3,1487
h3,4,3,1,1487
f4,4,2,2,1487
f2,4,3,1,1487
f2,4,3,1,1487
h1,3,0,3,1488
f2,3,3,0,1488
h5,3,3,0,1488
h5,3,3,0,1488
f3,3,3,0,1488
f1,4,3,1,1488
h1,4,0,4,1488
h4,5,4,1,1488
h4,2,2,0,1489
h5,2,2,0,1489
f1,2,2,0,1489
f3,5,5,0,1489
h5,6,6,0,1489
f2,5,5,0,1489
f3,1,1,0,1490
f3,3,3,0,1490
h3,5,5,0,1490
h5,4,4,0,1490
h5,4,4,0,1490
f5,4,3,1,1491
f2,4,4,0,1491
f3,4,4,0,1491
h1,5,0,5,1491
h1,5,0,5,1491
h1,5,0,5,1491
f1,4,3,1,1491
f3,2,2,0,1492
h3,0,0,0,1493
f3,0,0,0,1493
f1,2,1,1,1493
h2,3,2,1,1493
f3,3,3,0,1493
h2,3,2,1,1493
h3,3,3,0,1493
h5,3,3,0,1493
f1,0,0,0,1494
f1,2,2,0,1494
f2,4,4,0,1494
h3,6,6,0,1494
f5,5,4,1,1494
f1,0,0,0,1495
f2,1,1,0,1495
h5,1,1,0,1495
f3,1,1,0,1495
f4,1,1,0,1495
h1,1,0,1,1495
h5,1,1,0,1495
f2,1,1,0,1495
h3,1,1,0,1496
h1,3,0,3,1496
f2,2,2,0,1496
f3,3,3,0,1496
h3,4,4,0,1496
f4,5,3,2,1496
f5,5,4,1,1496
f4,0,0,0,1497
f2,0,0,0,1497
f3,0,0,0,1497
f2,2,2,0,1497
f1,2,2,0,1497
f4,3,1,2,1497
h5,3,3,0,1497
h1,3,0,3,1497
h1,4,0,4,1497
h4,0,0,0,1498
h1,0,0,0,1498
h1,0,0,0,1498
h2,0,0,0,1498
h1,0,0,0,1498
h2,2,1,1,1498
h3,2,1,1,1498
h5,3,2,1,1498
h2,4,3,1,1498
f2,0,0,0,1499
f4,0,0,0,1499
f2,0,0,0,1499
h2,0,0,0,1499
f5,2,2,0,1499
h1,2,0,2,1499
h5,2,2,0,1499
f1,2,1,1,1499
f2,1,1,0,1499
f1,2,1,1,1499
f4,1,1,0,1500
h1,2,0,2,1500
h1,2,0,2,1500
f3,1,1,0,1500
h5,1,1,0,1500
h1,1,0,1,1500
h3,1,1,0,1500
f1,1,1,0,1500
h4,0,0,0,1501
h1,1,0,1,1501
f1,1,0,1,1501
h4,2,2,0,1501
h5,2,2,0,1501
f2,2,2,0,1501
h5,3,3,0,1501
h5,3,3,0,1501
f4,4,3,1,1501
h3,5,5,0,1501
f2,1,1,0,1502
f3,2,2,0,1502
f4,2,1,1,1502
h3,2,2,0,1502
h1,2,0,2,1502
f2,2,2,0,1502
h3,3,3,0,1502
f1,2,2,0,1502
h2,1,1,0,1503
h5,1,1,0,1503
h3,3,3,0,1503
h1,3,0,3,1503
h1,3,0,3,1503
f4,3,2,1,1503
f4,4,3,1,1503
h2,3,3,0,1503
h3,3,3,0,1503
h3,3,3,0,1503
h5,1,1,0,1504
h3,1,1,0,1504
h3,3,3,0,1504
h5,3,3,0,1504
f4,3,1,2,1504
f2,0,0,0,1505
f5,0,0,0,1505
h1,0,0,0,1505
h3,0,0,0,1505
h3,5,4,1,1505
h3,5,4,1,1505
f3,4,3,1,1505
h5,5,4,1,1505
f1,4,2,2,1505
f4,4,2,2,1505
h2,0,0,0,1506
h5,1,1,0,1506
h5,0,0,0,1506
h5,1,1,0,1506
h3,1,1,0,1506
h4,2,2,0,1506
h5,1,1,0,1506
h5,1,1,0,1506
f1,3,2,1,1506
h4,1,1,0,1507
h1,1,0,1,1507
f2,1,1,0,1507
h5,3,3,0,1507
h5,3,3,0,1507
h5,3,2,1,1507
f5,3,2,1,1507
h2,0,0,0,1508
h1,2,0,2,1508
f2,2,2,0,1508
h3,3,3,0,1508
h1,3,0,3,1508
h2,4,3,1,1508
f1,4,3,1,1508
h3,5,4,1,1508
h5,1,1,0,1509
f1,1,1,0,1509
f2,0,0,0,1509
f1,1,1,0,1509
h5,3,3,0,1509
f4,3,2,1,1509
h5,4,4,0,1509
h4,3,3,0,1509
h5,0,0,0,1510
f4,1,1,0,1510
f2,1,1,0,1510
f5,0,0,0,1510
h3,1,0,1,1510
f1,2,1,1,1510
h4,7,6,1,1510
f2,0,0,0,1511
f4,0,0,0,1511
h5,1,1,0,1511
f4,0,0,0,1511
f2,1,1,0,1511
h3,1,1,0,1511
h1,0,0,0,1511
f3,0,0,0,1511
h2,3,3,0,1511
f2,0,0,0,1512
h3,1,1,0,1512
h2,1,1,0,1512
h1,0,0,0,1512
f2,0,0,0,1512
f4,3,2,1,1512
f5,4,3,1,1512
h3,3,3,0,1512
h5,4,4,0,1512
f4,4,3,1,1512
f2,0,0,0,1513
h3,0,0,0,1513
f4,0,0,0,1513
h3,1,1,0,1513
f4,1,0,1,1513
h3,2,2,0,1513
h1,2,0,2,1513
h2,2,2,0,1513
h1,2,0,2,1513
f5,3,3,0,1513
h1,1,0,1,1514
f1,1,1,0,1514
h4,1,1,0,1514
f1,1,1,0,1514
f2,0,0,0,1514
f3,3,3,0,1514
h5,4,4,0,1514
h5,1,1,0,1515
h1,0,0,0,1515
h3,0,0,0,1515
f1,0,0,0,1515
f1,1,1,0,1515
f5,4,3,1,1515
h5,4,4,0,1515
f2,5,5,0,1515
h5,6,6,0,1515
h1,0,0,0,1516
h3,3,2,1,1516
h2,2,1,1,1516
f2,1,0,1,1516
f3,2,1,1,1516
f1,1,0,1,1516
h3,3,2,1,1516
h5,3,2,1,1516
h1,0,0,0,1517
f5,2,1,1,1517
h2,2,2,0,1517
h5,4,4,0,1517
h3,5,5,0,1517
f4,5,3,2,1517
f5,5,4,1,1517
h5,6,6,0,1517
f5,4,3,1,1517
h3,0,0,0,1518
h1,1,0,1,1518
f2,1,1,0,1518
f4,1,1,0,1518
h1,1,0,1,1518
f1,2,1,1,1518
f4,3,2,1,1518
h1,2,1,1,1518
h3,3,2,1,1518
h1,0,0,0,1519
h2,0,0,0,1519
f3,0,0,0,1519
h5,0,0,0,1519
f1,0,0,0,1519
h3,3,3,0,1519
f4,4,3,1,1519
h3,5,5,0,1519
h5,5,5,0,1519
f3,0,0,0,1520
h5,0,0,0,1520
h3,0,0,0,1520
f2,2,2,0,1520
h3,1,1,0,1520
h2,2,2,0,1520
h1,2,0,2,1520
h3,2,2,0,1520
h3,1,1,0,1520
f3,1,1,0,1520
h5,3,3,0,1521
h5,3,3,0,1521
f4,3,2,1,1521
f2,4,4,0,1521
h5,4,4,0,1521
f5,3,2,1,1521
h1,4,0,4,1521
h2,4,3,1,1521
h4,3,3,0,1521
f1,2,1,1,1521
f2,0,0,0,1522
f5,4,3,1,1522
f2,4,4,0,1522
h4,5,5,0,1522
f3,4,4,0,1522
h5,5,5,0,1522
h1,1,0,1,1523
h2,1,1,0,1523
h5,1,1,0,1523
h1,0,0,0,1523
h2,0,0,0,1523
f1,1,0,1,1523
h2,1,0,1,1523
f2,1,1,0,1523
h3,1,1,0,1523
h1,0,0,0,1524
h1,1,0,1,1524
f1,4,3,1,1524
f3,5,4,1,1524
h2,4,3,1,1524
f3,5,4,1,1524
h1,3,0,3,1524
f3,4,3,1,1524
f4,0,0,0,1525
h1,0,0,0,1525
f5,0,0,0,1525
f2,2,2,0,1525
h3,2,2,0,1525
f3,0,0,0,1525
f4,1,1,0,1525
f2,1,1,0,1525
h5,1,1,0,1525
f2,1,1,0,1525
h4,1,1,0,1526
f5,2,2,0,1526
h1,2,0,2,1526
h2,2,2,0,1526
h5,2,2,0,1526
h5,1,1,0,1526
f4,4,4,0,1526
h5,5,5,0,1526
h5,5,5,0,1526
h1,0,0,0,1527
h5,0,0,0,1527
f1,0,0,0,1527
f3,1,1,0,1527
f4,3,3,0,1527
h1,4,0,4,1527
h5,6,6,0,1527
f4,5,4,1,1527
h4,1,1,0,1528
f3,2,1,1,1528
f4,2,1,1,1528
h1,3,0,3,1528
f3,3,2,1,1528
f2,5,4,1,1528
f5,4,2,2,1528
f2,2,2,0,1529
h5,3,3,0,1529
f3,4,4,0,1529
h1,5,0,5,1529
f2,4,4,0,1529
f2,3,3,0,1529
h3,5,5,0,1529
f3,5,5,0,1529
h4,6,6,0,1529
h3,0,0,0,1530
f3,0,0,0,1530
f5,1,1,0,1530
f4,1,1,0,1530
h5,3,3,0,1530
f5,5,5,0,1530
f4,6,5,1,1530
h4,2,1,1,1531
h3,3,2,1,1531
f2,2,1,1,1531
h3,3,2,1,1531
h3,3,2,1,1531
h4,3,2,1,1531
h2,1,0,1,1532
h5,3,2,1,1532
f5,3,2,1,1532
h4,3,2,1,1532
h1,3,0,3,1532
h2,4,2,2,1532
h2,4,2,2,1532
h5,3,2,1,1532
h1,1,0,1,1532
f3,3,2,1,1532
h5,2,2,0,1533
h4,3,3,0,1533
f1,2,1,1,1533
h5,3,3,0,1533
f1,3,2,1,1533
h2,4,3,1,1533
h2,4,3,1,1533
h3,3,3,0,1533
h1,2,0,2,1533
h2,3,2,1,1533
h2,1,1,0,1534
h5,2,2,0,1534
h2,3,1,2,1534
h3,2,1,1,1534
h2,3,2,1,1534
h1,4,0,4,1534
h5,5,4,1,1534
h2,2,2,0,1535
f1,5,5,0,1535
f4,6,4,2,1535
f1,4,4,0,1535
f2,4,4,0,1535
f3,3,3,0,1535
h1,4,0,4,1535
f1,0,0,0,1536
h2,0,0,0,1536
f2,0,0,0,1536
f4,2,2,0,1536
h5,1,1,0,1536
h5,1,1,0,1536
f2,0,0,0,1536
h4,0,0,0,1536
h2,5,4,1,1536
h1,0,0,0,1537
h1,0,0,0,1537
h1,2,0,2,1537
h3,3,3,0,1537
f4,4,2,2,1537
f3,5,4,1,1537
h4,6,5,1,1537
f3,5,4,1,1537
h3,6,5,1,1537
f3,4,3,1,1537
h3,2,2,0,1538
h1,2,0,2,1538
f1,1,1,0,1538
h5,2,2,0,1538
h3,2,2,0,1538
h4,3,3,0,1538
f4,3,2,1,1538
h1,2,0,2,1539
f2,4,4,0,1539
h3,4,4,0,1539
f3,3,3,0,1539
h1,5,0,5,1539
h2,4,3,1,1539
h5,5,5,0,1539
h3,1,1,0,1540
f4,3,3,0,1540
f4,3,3,0,1540
f5,2,1,1,1540
f4,3,3,0,1540
f1,3,3,0,1540
h5,5,5,0,1540
f3,5,5,0,1540
h5,6,6,0,1540
h4,2,2,0,1541
h5,3,3,0,1541
f2,3,3,0,1541
h3,4,4,0,1541
f4,4,3,1,1541
f4,4,3,1,1541
h5,4,4,0,1541
h4,3,3,0,1541
h5,0,0,0,1542
f1,0,0,0,1542
h3,0,0,0,1542
f3,0,0,0,1542
h1,2,0,2,1542
f1,3,1,2,1542
f4,3,2,1,1542
h5,6,5,1,1542
f4,5,4,1,1542
h5,2,2,0,1543
h5,5,4,1,1543
h4,4,3,1,1543
f5,4,3,1,1543
h1,3,0,3,1543
f1,3,2,1,1543
h2,3,2,1,1543
f3,1,1,0,1544
h4,1,1,0,1544
h5,2,2,0,1544
h1,1,0,1,1544
f1,1,1,0,1544
h1,1,0,1,1544
f1,1,1,0,1544
f5,3,3,0,1544
h3,3,3,0,1544
h4,0,0,0,1545
h5,0,0,0,1545
f3,1,1,0,1545
f4,1,1,0,1545
f3,4,4,0,1545
f4,4,2,2,1545
h5,4,4,0,1545
h5,4,4,0,1545
f1,4,3,1,1545
f4,4,2,2,1545
f2,0,0,0,1546
h3,0,0,0,1546
f1,1,0,1,1546
h2,1,0,1,1546
f1,3,2,1,1546
f4,2,2,0,1546
h2,4,3,1,1546
f3,4,4,0,1546
f2,4,4,0,1546
h1,0,0,0,1548
h4,1,1,0,1548
h4,3,3,0,1548
h4,3,3,0,1548
f2,2,2,0,1548
h5,5,5,0,1548
h1,5,0,5,1548
f3,6,5,1,1548
f3,0,0,0,1549
f2,1,1,0,1549
f2,1,1,0,1549
h5,2,2,0,1549
f4,3,2,1,1549
h3,3,3,0,1549
h4,4,4,0,1549
f4,4,4,0,1549
f2,3,3,0,1549
h5,0,0,0,1550
h1,0,0,0,1550
f4,3,3,0,1550
f4,6,4,2,1550
h2,6,5,1,1550
h1,7,0,7,1550
h1,7,0,7,1550
h5,7,7,0,1550
f3,0,0,0,1551
f2,1,1,0,1551
f2,1,1,0,1551
f4,2,2,0,1551
h3,1,1,0,1551
h5,1,1,0,1551
h2,3,1,2,1551
f4,0,0,0,1552
h3,0,0,0,1552
h5,2,2,0,1552
f1,2,1,1,1552
f1,2,1,1,1552
f2,1,1,0,1553
h3,1,1,0,1553
f1,0,0,0,1553
f3,1,1,0,1553
f5,2,2,0,1553
f1,1,0,1,1553
h3,3,3,0,1553
h1,4,0,4,1553
h3,2,2,0,1554
h5,4,4,0,1554
h5,4,4,0,1554
h3,4,4,0,1554
f3,3,3,0,1554
h2,2,2,0,1554
h3,2,2,0,1554
f4,2,1,1,1554
f3,2,2,0,1554
h5,3,3,0,1554
h3,0,0,0,1555
h3,3,3,0,1555
f3,3,3,0,1555
h5,4,4,0,1555
f1,3,3,0,1555
h2,5,4,1,1555
h5,5,5,0,1555
h2,5,4,1,1555
h1,0,0,0,1556
h1,1,0,1,1556
h1,1,0,1,1556
h2,2,2,0,1556
h3,2,2,0,1556
h3,3,3,0,1556
h5,4,4,0,1556
f5,4,3,1,1556
h5,5,4,1,1556
h1,2,0,2,1557
h3,2,2,0,1557
h5,4,4,0,1557
f4,4,2,2,1557
f2,5,5,0,1557
f4,5,3,2,1557
f3,6,5,1,1557
f3,6,5,1,1557
h1,0,0,0,1558
h3,0,0,0,1558
f5,0,0,0,1558
h1,1,0,1,1558
h5,2,2,0,1558
h1,2,0,2,1558
f2,3,3,0,1558
f2,3,3,0,1558
f5,2,2,0,1558
h5,1,1,0,1559
f4,3,1,2,1559
f4,3,1,2,1559
f3,4,4,0,1559
h4,4,4,0,1559
h5,4,4,0,1559
f5,4,4,0,1559
h3,4,4,0,1559
h5,4,4,0,1559
f4,4,1,3,1559
h1,0,0,0,1560
h2,0,0,0,1560
h3,0,0,0,1560
h3,0,0,0,1560
f3,0,0,0,1560
h2,2,2,0,1560
h4,2,2,0,1560
h3,3,3,0,1560
h2,0,0,0,1561
f2,0,0,0,1561
h3,0,0,0,1561
f2,1,1,0,1561
h1,3,0,3,1561
f1,3,3,0,1561
f1,3,3,0,1561
h3,3,3,0,1561
f4,3,3,0,1561
f4,3,3,0,1561
h3,0,0,0,1562
h2,0,0,0,1562
h3,0,0,0,1562
h5,0,0,0,1562
h3,2,2,0,1562
h1,3,0,3,1562
f4,2,1,1,1562
h3,3,3,0,1562
h4,4,4,0,1562
f1,0,0,0,1563
f4,1,0,1,1563
f2,1,1,0,1563
h4,1,1,0,1563
f1,1,1,0,1563
h2,0,0,0,1563
h5,1,1,0,1563
h3,1,1,0,1563
f5,1,0,1,1563
h5,2,2,0,1563
h5,2,1,1,1564
f5,2,1,1,1564
f4,3,2,1,1564
f2,2,1,1,1564
h5,3,2,1,1564
f2,4,3,1,1564
f1,3,1,2,1564
h5,1,1,0,1565
h3,1,1,0,1565
f4,1,1,0,1565
h4,1,1,0,1565
h1,0,0,0,1565
h3,1,0,1,1565
f4,1,0,1,1565
f3,2,1,1,1565
f4,2,0,2,1565
f5,2,2,0,1566
h2,2,2,0,1566
f4,4,4,0,1566
h3,5,5,0,1566
f4,6,5,1,1566
h5,6,6,0,1566
h3,5,5,0,1566
f3,0,0,0,1567
h3,3,3,0,1567
h2,3,3,0,1567
h3,4,4,0,1567
h5,4,4,0,1567
f1,3,3,0,1567
f4,4,2,2,1567
f4,4,2,2,1567
h3,1,1,0,1568
h4,1,1,0,1568
h4,3,2,1,1568
f2,3,2,1,1568
f5,4,3,1,1568
h2,4,2,2,1568
f5,5,4,1,1568
f3,5,4,1,1568
h1,0,0,0,1569
f4,1,1,0,1569
h3,1,1,0,1569
h5,3,3,0,1569
h4,3,3,0,1569
h5,4,4,0,1569
h5,4,4,0,1569
h1,3,0,3,1569
h5,0,0,0,1570
f2,3,2,1,1570
h4,3,2,1,1570
h3,2,1,1,1570
h4,3,2,1,1570
f3,2,1,1,1570
f4,3,2,1,1570
h2,3,2,1,1570
h5,2,2,0,1571
f2,1,1,0,1571
h5,2,2,0,1571
h5,2,2,0,1571
h1,1,0,1,1571
h1,1,0,1,1571
h2,4,3,1,1571
h2,4,3,1,1571
h2,4,3,1,1571
h3,4,4,0,1571
f1,0,0,0,1572
h4,0,0,0,1572
f5,1,1,0,1572
h3,1,1,0,1572
h5,1,1,0,1572
h1,1,0,1,1572
f1,1,0,1,1572
h2,1,0,1,1572
h3,1,1,0,1572
f1,1,1,0,1572
f2,1,1,0,1573
h3,2,2,0,1573
h5,2,2,0,1573
h2,1,1,0,1573
f4,0,0,0,1573
f1,0,0,0,1573
h3,2,2,0,1573
h1,3,0,3,1574
h1,3,0,3,1574
h2,5,4,1,1574
h3,4,3,1,1574
h1,4,0,4,1574
f3,6,5,1,1574
f1,0,0,0,1575
f3,1,1,0,1575
h4,1,1,0,1575
h3,2,2,0,1575
h5,3,3,0,1575
f1,3,2,1,1575
h1,0,0,0,1577
h5,1,1,0,1577
f3,3,3,0,1577
f4,3,2,1,1577
f4,3,2,1,1577
f3,3,3,0,1577
f3,4,4,0,1577
f2,0,0,0,1578
f4,1,0,1,1578
f3,2,2,0,1578
f2,2,2,0,1578
f4,3,2,1,1578
h5,3,3,0,1578
h1,4,0,4,1578
f4,4,3,1,1578
f5,3,2,1,1579
h1,4,0,4,1579
h5,5,4,1,1579
f5,5,3,2,1579
h2,5,3,2,1579
h5,5,4,1,1579
h2,5,3,2,1579
h5,0,0,0,1580
h1,1,0,1,1580
f2,3,3,0,1580
f2,3,3,0,1580
f3,3,3,0,1580
f3,3,3,0,1580
f5,3,2,1,1580
h1,4,0,4,1580
f4,5,3,2,1580
h1,0,0,0,1581
h1,0,0,0,1581
h1,0,0,0,1581
h2,0,0,0,1581
h3,1,1,0,1581
f4,2,2,0,1581
f2,2,2,0,1581
f2,4,4,0,1581
h2,0,0,0,1582
f1,0,0,0,1582
h5,1,1,0,1582
h1,1,0,1,1582
h3,3,3,0,1582
h3,5,4,1,1582
h5,6,5,1,1582
h2,5,3,2,1582
f2,5,4,1,1582
h4,0,0,0,1583
f4,1,0,1,1583
h5,4,4,0,1583
h5,6,6,0,1583
f2,5,5,0,1583
h4,5,5,0,1583
f1,1,1,0,1584
f2,1,1,0,1584
h3,2,2,0,1584
f4,3,1,2,1584
f2,4,4,0,1584
f3,4,4,0,1584
h4,4,4,0,1584
h4,5,5,0,1584
h3,6,6,0,1584
f1,0,0,0,1585
h5,0,0,0,1585
h5,0,0,0,1585
h5,0,0,0,1585
f2,0,0,0,1585
f4,0,0,0,1585
h2,0,0,0,1585
f2,0,0,0,1585
f5,0,0,0,1585
f2,0,0,0,1586
f4,1,1,0,1586
h5,2,2,0,1586
h2,2,1,1,1586
h5,1,1,0,1586
h4,2,2,0,1586
h5,1,1,0,1586
f3,0,0,0,1586
h5,1,1,0,1586
h4,3,3,0,1587
h5,3,3,0,1587
f2,2,2,0,1587
h3,3,3,0,1587
f4,3,2,1,1587
h1,4,0,4,1587
h5,5,5,0,1587
h3,5,5,0,1587
h5,4,4,0,1587
h5,4,4,0,1587
h5,2,2,0,1588
h4,0,0,0,1589
h1,1,0,1,1589
f2,1,1,0,1589
h3,1,1,0,1589
f1,2,1,1,1589
h3,3,3,0,1589
h3,3,3,0,1589
h4,4,4,0,1589
h4,3,3,0,1589
f2,0,0,0,1590
h1,2,0,2,1590
h1,2,0,2,1590
h1,2,0,2,1590
h4,3,3,0,1590
f2,3,3,0,1590
h5,3,3,0,1590
f4,5,4,1,1590
h2,4,4,0,1590
f2,5,5,0,1590
h1,0,0,0,1591
h1,0,0,0,1591
f2,0,0,0,1591
h4,0,0,0,1591
f3,0,0,0,1591
h5,0,0,0,1591
h5,0,0,0,1591
h5,0,0,0,1591
h5,0,0,0,1591
f2,0,0,0,1592
h3,4,4,0,1592
h4,5,5,0,1592
f3,5,4,1,1592
h4,5,4,1,1592
h5,5,4,1,1592
h1,4,0,4,1592
h3,5,4,1,1592
f1,0,0,0,1593
f2,0,0,0,1593
f3,0,0,0,1593
h1,1,0,1,1593
h3,4,4,0,1593
f4,5,5,0,1593
h1,5,0,5,1593
h1,0,0,0,1594
h3,1,0,1,1594
f4,1,0,1,1594
h2,4,2,2,1594
h2,4,2,2,1594
f2,3,2,1,1594
h5,4,3,1,1594
h5,5,4,1,1594
h2,0,0,0,1595
h4,0,0,0,1595
h4,0,0,0,1595
f5,0,0,0,1595
f4,0,0,0,1595
f1,0,0,0,1595
h2,0,0,0,1595
f2,0,0,0,1595
h4,0,0,0,1595
f5,0,0,0,1595
h1,0,0,0,1596
h5,0,0,0,1596
f5,0,0,0,1596
h1,0,0,0,1596
h1,0,0,0,1596
f3,0,0,0,1596
f4,1,0,1,1596
h3,3,3,0,1596
f3,3,3,0,1596
h5,4,4,0,1596
h3,1,1,0,1597
f5,1,1,0,1597
h1,0,0,0,1597
h5,2,2,0,1597
h3,1,1,0,1597
h1,3,0,3,1597
h1,3,0,3,1597
h2,3,3,0,1597
f2,2,2,0,1598
h4,1,1,0,1598
f1,1,1,0,1598
h2,1,1,0,1598
h1,2,0,2,1598
h5,2,2,0,1598
h1,2,0,2,1598
h5,4,4,0,1598
f2,0,0,0,1599
h3,1,1,0,1599
f3,3,2,1,1599
f3,4,3,1,1599
f3,4,3,1,1599
h3,4,3,1,1599
f4,4,2,2,1599
h3,5,4,1,1599
f3,1,1,0,1600
f4,1,0,1,1600
h5,1,1,0,1600
f3,1,1,0,1600
f4,0,0,0,1600
h1,0,0,0,1601
h3,2,2,0,1601
f1,2,2,0,1601
h5,1,1,0,1602
f1,1,1,0,1602
h3,1,1,0,1602
h2,1,1,0,1602
h5,0,0,0,1602
f1,0,0,0,1602
h4,2,2,0,1602
f4,4,4,0,1602
h1,0,0,0,1603
f2,0,0,0,1603
f3,1,1,0,1603
h1,2,0,2,1603
h5,2,2,0,1603
h1,3,0,3,1603
h4,3,3,0,1603
f3,3,3,0,1603
h3,1,1,0,1604
h5,1,1,0,1604
h1,1,0,1,1604
h2,1,0,1,1604
f3,2,2,0,1604
f3,2,2,0,1604
h3,2,2,0,1604
h3,3,3,0,1604
h1,0,0,0,1605
h2,0,0,0,1605
h2,3,2,1,1605
f3,2,1,1,1605
f3,2,1,1,1605
f4,3,1,2,1605
f5,3,1,2,1605
f2,2,1,1,1605
h5,2,1,1,1605
h5,2,1,1,1605
h4,0,0,0,1606
h3,1,1,0,1606
h5,4,4,0,1606
f1,3,2,1,1606
f2,4,4,0,1606
h1,5,0,5,1606
h1,5,0,5,1606
h1,5,0,5,1606
h5,4,4,0,1606
f1,0,0,0,1607
f3,2,2,0,1607
f3,2,2,0,1607
f5,5,4,1,1607
h4,0,0,0,1608
f2,0,0,0,1608
h4,1,1,0,1608
f3,0,0,0,1608
h4,1,1,0,1608
f1,0,0,0,1608
h1,1,0,1,1608
f1,0,0,0,1608
h5,2,2,0,1608
f4,1,0,1,1609
h3,2,2,0,1609
h5,2,2,0,1609
f3,4,4,0,1609
f2,4,4,0,1609
h4,6,6,0,1609
h5,6,6,0,1609
f2,5,5,0,1609
f2,5,5,0,1609
f3,5,5,0,1609
f2,5,4,1,1610
f2,5,4,1,1610
f2,5,4,1,1610
h1,4,0,4,1610
h2,4,2,2,1610
f5,5,3,2,1610
f4,4,1,3,1610
h5,5,4,1,1610
h3,4,3,1,1610
f1,0,0,0,1611
h1,0,0,0,1611
f2,1,1,0,1611
f2,2,2,0,1611
f4,3,2,1,1611
h1,4,0,4,1611
f1,3,2,1,1611
h3,3,3,0,1611
h1,0,0,0,1612
f2,0,0,0,1612
h3,0,0,0,1612
f4,4,4,0,1612
f2,3,3,0,1612
h5,4,4,0,1612
h3,4,4,0,1612
f1,5,4,1,1612
f4,4,4,0,1612
h5,4,4,0,1612
f4,1,0,1,1613
h1,2,0,2,1613
f1,2,1,1,1613
f2,3,2,1,1613
f2,5,4,1,1613
f2,5,4,1,1613
f4,0,0,0,1614
h2,2,1,1,1614
f2,3,2,1,1614
h3,4,3,1,1614
h3,4,3,1,1614
f3,3,2,1,1614
h3,4,3,1,1614
f3,3,2,1,1614
f2,0,0,0,1615
f1,0,0,0,1615
f1,0,0,0,1615
h2,2,1,1,1615
f2,2,2,0,1615
h1,3,0,3,1615
h5,3,3,0,1615
h5,2,2,0,1615
f2,0,0,0,1616
f3,0,0,0,1616
h5,0,0,0,1616
f1,0,0,0,1616
f1,1,1,0,1616
h2,1,1,0,1616
f5,0,0,0,1616
f2,3,3,0,1616
h3,4,4,0,1616
h1,0,0,0,1617
h5,0,0,0,1617
f4,0,0,0,1617
f2,0,0,0,1617
h5,0,0,0,1617
h4,0,0,0,1617
h3,2,2,0,1617
h5,1,1,0,1618
f2,1,1,0,1618
f2,2,2,0,1618
h5,2,2,0,1618
h3,2,2,0,1618
f1,1,1,0,1618
h1,2,0,2,1618
h5,4,4,0,1618
h1,3,0,3,1619
h5,4,4,0,1619
h2,4,4,0,1619
h3,4,4,0,1619
h4,5,5,0,1619
h4,5,5,0,1619
h1,6,0,6,1619
h4,6,6,0,1619
h1,0,0,0,1620
h3,2,1,1,1620
f3,2,1,1,1620
f4,2,0,2,1620
h1,2,0,2,1620
h2,2,1,1,1620
h5,5,4,1,1620
f3,4,3,1,1620
f2,5,4,1,1620
f2,0,0,0,1621
f2,0,0,0,1621
f1,0,0,0,1621
f4,4,3,1,1621
h5,5,5,0,1621
f3,4,4,0,1621
h1,5,0,5,1621
f5,4,3,1,1621
f3,4,4,0,1621
f2,3,2,1,1622
f1,4,2,2,1622
h2,5,3,2,1622
h1,4,0,4,1622
f2,4,3,1,1622
h5,5,4,1,1622
f2,4,3,1,1622
h3,1,1,0,1623
f3,1,1,0,1623
f4,2,1,1,1623
h2,1,1,0,1623
h1,2,0,2,1623
h3,5,4,1,1623
h2,4,2,2,1623
f1,3,3,0,1624
f2,3,3,0,1624
f3,3,3,0,1624
f3,4,4,0,1624
h2,1,1,0,1625
h1,1,0,1,1625
f3,1,1,0,1625
h5,3,3,0,1625
f5,3,2,1,1625
h4,3,3,0,1625
h5,0,0,0,1626
h5,0,0,0,1626
h1,3,0,3,1626
f1,2,2,0,1626
h5,5,5,0,1626
h3,5,5,0,1626
f4,5,4,1,1626
f4,5,4,1,1626
f2,0,0,0,1627
f2,1,1,0,1627
f4,2,2,0,1627
h1,2,0,2,1627
h3,2,2,0,1627
f5,4,3,1,1627
h1,4,0,4,1627
f1,3,3,0,1627
h2,4,4,0,1627
h3,1,1,0,1628
h1,2,0,2,1628
f3,2,2,0,1628
f1,2,2,0,1628
f1,2,2,0,1628
h3,4,4,0,1628
f4,4,2,2,1628
f4,4,2,2,1628
h5,4,4,0,1628
h4,0,0,0,1629
h4,0,0,0,1629
h5,0,0,0,1629
h2,0,0,0,1629
h1,0,0,0,1629
f3,0,0,0,1629
h3,0,0,0,1629
h4,1,1,0,1630
h1,1,0,1,1630
f5,3,2,1,1630
h5,3,3,0,1630
f1,2,2,0,1630
f1,2,2,0,1630
f1,2,2,0,1630
f3,2,2,0,1630
f3,2,2,0,1630
h4,3,3,0,1630
f1,1,1,0,1631
h5,4,4,0,1631
h2,4,4,0,1631
f3,2,2,0,1631
f1,3,2,1,1631
h2,2,1,1,1631
f4,2,1,1,1631
h3,0,0,0,1632
f4,1,0,1,1632
h1,1,0,1,1632
f4,2,1,1,1632
f2,4,4,0,1632
h1,5,0,5,1632
f3,0,0,0,1633
f4,0,0,0,1633
h1,0,0,0,1633
h3,0,0,0,1633
h5,1,1,0,1633
f4,2,1,1,1633
h2,2,1,1,1633
h5,3,3,0,1633
f2,2,2,0,1633
h4,3,3,0,1633
f1,2,2,0,1634
h2,2,2,0,1634
f3,1,1,0,1634
h5,3,3,0,1634
h3,0,0,0,1635
h5,0,0,0,1635
f3,0,0,0,1635
h4,1,1,0,1635
f5,1,0,1,1635
f2,1,1,0,1635
h3,2,2,0,1636
f4,2,2,0,1636
f5,3,2,1,1636
h3,5,5,0,1636
f3,4,4,0,1636
f4,4,3,1,1636
f1,5,4,1,1636
f1,5,4,1,1636
h5,5,5,0,1636
f5,5,4,1,1636
h1,0,0,0,1637
h4,2,2,0,1637
h1,1,0,1,1637
h1,5,0,5,1637
f1,4,3,1,1637
f4,4,3,1,1637
f2,1,1,0,1638
f2,1,1,0,1638
f1,0,0,0,1638
h1,0,0,0,1638
f1,0,0,0,1638
f2,2,2,0,1638
h1,3,0,3,1638
h1,1,0,1,1639
f1,1,1,0,1639
h2,1,1,0,1639
f4,0,0,0,1639
f4,0,0,0,1639
f5,1,1,0,1639
f1,2,1,1,1639
h3,2,2,0,1639
f1,2,1,1,1639
h3,2,2,0,1639
f1,0,0,0,1640
h2,0,0,0,1640
f2,0,0,0,1640
h3,0,0,0,1640
h5,0,0,0,1640
f3,0,0,0,1640
h5,0,0,0,1640
h4,1,1,0,1640
f2,1,1,0,1640
h5,2,2,0,1640
h1,0,0,0,1641
h4,0,0,0,1641
h2,1,1,0,1641
h5,1,1,0,1641
f3,2,2,0,1641
f2,3,3,0,1641
h4,3,3,0,1641
h5,2,2,0,1641
h1,4,0,4,1641
f4,4,3,1,1641
h3,0,0,0,1642
f3,0,0,0,1642
f4,0,0,0,1642
h1,0,0,0,1642
h1,0,0,0,1642
f1,1,1,0,1642
h3,1,1,0,1642
f2,0,0,0,1642
h5,0,0,0,1642
h5,2,2,0,1643
f1,2,2,0,1643
h5,3,3,0,1643
f1,2,2,0,1643
f2,1,1,0,1643
h4,1,1,0,1643
h5,1,1,0,1643
f4,0,0,0,1643
h3,0,0,0,1644
h3,2,2,0,1644
f3,2,2,0,1644
f4,3,3,0,1644
f2,2,2,0,1644
h1,3,0,3,1644
h3,0,0,0,1645
h5,1,1,0,1645
h5,1,1,0,1645
h1,0,0,0,1645
h3,0,0,0,1645
f2,1,1,0,1645
f1,0,0,0,1645
h2,1,1,0,1645
h5,0,0,0,1645
f3,2,2,0,1646
h3,2,2,0,1646
h3,3,3,0,1646
h3,3,3,0,1646
h3,2,2,0,1646
f3,1,1,0,1646
h1,1,0,1,1646
f1,1,1,0,1646
f2,1,1,0,1646
f3,1,1,0,1646
h1,0,0,0,1647
h5,0,0,0,1647
f5,0,0,0,1647
f1,0,0,0,1647
f2,0,0,0,1647
h3,0,0,0,1647
h3,3,2,1,1647
f1,3,2,1,1647
h2,0,0,0,1648
f5,4,3,1,1648
f5,5,4,1,1648
h2,6,5,1,1648
h4,5,5,0,1648
h1,6,0,6,1648
h1,0,0,0,1649
h1,1,0,1,1649
f5,1,0,1,1649
h5,3,3,0,1649
h3,4,4,0,1649
h5,5,5,0,1649
f3,5,4,1,1649
h4,5,4,1,1649
h5,0,0,0,1650
h1,0,0,0,1650
h5,1,1,0,1650
f5,1,1,0,1650
h4,0,0,0,1650
f1,0,0,0,1650
h5,1,1,0,1650
f4,0,0,0,1651
f2,2,2,0,1651
h3,3,3,0,1651
h5,3,3,0,1651
f2,2,2,0,1651
h3,3,3,0,1651
f4,2,1,1,1651
h5,2,2,0,1651
h5,0,0,0,1652
f3,0,0,0,1652
f3,0,0,0,1652
h5,0,0,0,1652
h4,1,1,0,1652
h4,2,2,0,1652
h1,4,0,4,1652
h5,3,3,0,1652
h3,4,4,0,1652
h1,2,0,2,1653
h5,6,6,0,1653
f2,7,6,1,1653
h1,6,0,6,1653
f1,6,4,2,1653
f2,7,6,1,1653
f3,1,1,0,1654
f4,2,2,0,1654
h4,2,2,0,1654
f1,3,3,0,1654
f1,3,3,0,1654
f1,4,3,1,1654
h1,5,0,5,1654
h3,7,7,0,1654
h5,7,7,0,1654
h5,7,7,0,1654
h3,0,0,0,1655
h5,0,0,0,1655
h1,0,0,0,1655
f1,1,1,0,1655
h4,2,2,0,1655
h3,2,2,0,1655
h3,1,1,0,1655
h3,2,1,1,1655
h5,1,0,1,1655
f5,4,2,2,1655
h5,0,0,0,1656
h2,0,0,0,1656
h3,0,0,0,1656
f1,0,0,0,1656
f3,0,0,0,1656
h5,0,0,0,1656
f2,0,0,0,1656
f1,1,1,0,1656
h2,1,1,0,1656
f3,1,1,0,1656
h3,0,0,0,1657
f4,2,0,2,1657
h3,3,3,0,1657
f3,3,3,0,1657
f4,5,2,3,1657
h5,5,4,1,1657
f4,5,2,3,1657
h3,5,4,1,1657
f1,4,3,1,1657
h3,6,5,1,1657
f1,0,0,0,1658
h5,2,2,0,1658
h2,2,1,1,1658
f4,2,2,0,1658
h5,3,3,0,1658
f2,2,2,0,1658
h5,3,3,0,1658
h1,2,0,2,1658
f3,1,1,0,1658
f1,0,0,0,1659
h5,0,0,0,1659
h3,0,0,0,1659
h5,1,1,0,1659
h2,3,3,0,1659
h1,4,0,4,1659
h3,3,3,0,1659
f3,3,3,0,1659
h1,4,0,4,1659
f4,3,2,1,1659
f5,2,1,1,1660
f2,1,1,0,1660
f5,5,4,1,1660
f4,5,3,2,1660
f2,3,3,0,1660
h4,4,4,0,1660
h5,2,2,0,1661
h3,3,3,0,1661
f1,2,2,0,1661
f2,2,2,0,1661
h2,2,2,0,1661
f5,1,1,0,1661
f5,1,1,0,1661
h4,2,2,0,1661
h1,0,0,0,1662
h3,0,0,0,1662
h5,3,3,0,1662
h5,3,3,0,1662
h3,3,3,0,1662
h3,3,3,0,1662
h5,3,3,0,1662
h1,3,0,3,1662
h1,5,0,5,1662
f2,5,5,0,1662
h5,2,2,0,1663
h5,2,2,0,1663
f3,2,2,0,1663
f4,3,2,1,1663
f5,4,3,1,1663
h5,6,6,0,1663
h5,6,6,0,1663
h2,7,5,2,1663
f3,6,5,1,1663
h5,7,6,1,1663
f3,2,2,0,1664
f3,4,4,0,1664
h5,1,1,0,1665
h1,0,0,0,1665
h3,0,0,0,1665
h5,1,1,0,1665
f2,3,3,0,1665
f2,3,3,0,1665
f4,5,3,2,1665
f1,5,4,1,1665
f4,5,3,2,1665
h1,1,0,1,1666
h1,4,0,4,1666
f4,4,2,2,1666
h3,4,3,1,1666
h3,4,3,1,1666
h2,7,5,2,1666
h3,6,5,1,1666
f1,6,4,2,1666
f1,1,0,1,1667
h1,1,0,1,1667
f3,1,1,0,1667
h3,3,3,0,1667
f4,3,3,0,1667
f1,4,3,1,1667
h5,5,5,0,1667
f3,0,0,0,1668
h1,0,0,0,1668
h1,1,0,1,1668
h3,2,2,0,1668
h5,3,3,0,1668
f3,2,2,0,1668
f1,3,3,0,1668
h5,5,5,0,1668
h3,0,0,0,1669
h4,0,0,0,1669
f2,1,1,0,1669
h4,1,1,0,1669
h3,1,1,0,1669
h2,1,1,0,1669
f4,0,0,0,1669
h3,0,0,0,1669
h2,2,2,0,1670
h5,3,3,0,1670
f3,3,3,0,1670
h2,5,5,0,1670
f2,4,4,0,1670
h3,4,4,0,1670
h5,5,5,0,1670
h2,0,0,0,1671
f2,0,0,0,1671
f2,3,3,0,1671
h3,4,4,0,1671
h3,5,5,0,1671
h1,5,0,5,1671
f4,4,3,1,1671
h3,1,1,0,1672
h5,2,2,0,1672
f2,2,2,0,1672
f4,3,2,1,1672
h3,2,2,0,1672
h1,3,0,3,1672
h3,3,3,0,1672
h5,3,3,0,1672
f5,3,2,1,1672
h5,3,3,0,1672
h3,2,2,0,1673
h5,2,2,0,1673
f2,2,2,0,1673
h4,2,2,0,1673
f3,4,4,0,1673
h5,2,2,0,1674
h3,2,2,0,1674
f4,2,1,1,1674
h1,3,0,3,1674
h1,4,0,4,1674
f4,4,2,2,1674
f3,4,4,0,1674
h3,0,0,0,1675
f3,2,2,0,1675
h1,4,0,4,1675
h3,4,4,0,1675
f4,3,3,0,1675
h5,4,4,0,1675
h1,4,0,4,1675
h5,3,3,0,1675
h3,4,4,0,1675
f3,1,1,0,1676
h3,3,3,0,1676
h5,3,3,0,1676
h1,3,0,3,1676
h3,4,4,0,1676
f2,3,3,0,1676
f1,4,4,0,1676
h3,0,0,0,1677
h3,0,0,0,1677
h3,0,0,0,1677
f2,0,0,0,1677
f2,1,1,0,1677
h5,0,0,0,1677
f3,1,1,0,1677
f4,2,2,0,1677
f5,2,1,1,1677
h2,3,2,1,1677
f3,2,2,0,1678
h5,3,3,0,1678
h5,3,3,0,1678
h4,3,3,0,1678
f2,3,3,0,1678
h5,2,2,0,1678
f1,3,3,0,1678
h5,3,3,0,1678
f2,2,2,0,1678
h5,4,3,1,1679
h3,4,3,1,1679
f1,0,0,0,1680
f4,2,1,1,1680
h5,4,4,0,1680
f2,4,4,0,1680
f5,3,2,1,1680
f5,2,1,1,1680
h1,2,0,2,1680
h2,2,2,0,1680
h3,2,2,0,1680
h3,0,0,0,1681
f5,0,0,0,1681
f1,0,0,0,1681
f4,1,1,0,1681
f5,1,1,0,1681
h1,1,0,1,1681
h3,3,3,0,1681
f2,5,5,0,1681
f4,4,3,1,1681
f1,0,0,0,1682
f2,0,0,0,1682
h4,1,1,0,1682
h1,2,0,2,1682
f2,3,2,1,1682
h4,3,2,1,1682
f5,2,1,1,1682
h5,3,2,1,1682
f5,2,2,0,1683
h1,2,0,2,1683
h3,2,2,0,1683
h4,3,3,0,1683
h4,3,3,0,1683
h4,3,3,0,1683
f3,5,5,0,1683
h3,4,4,0,1683
f3,2,2,0,1684
h4,2,2,0,1684
h1,2,0,2,1684
f4,2,1,1,1684
h3,1,1,0,1684
f5,0,0,0,1684
h4,0,0,0,1684
f1,0,0,0,1684
h3,4,4,0,1684
h1,0,0,0,1685
h3,3,3,0,1685
f3,3,3,0,1685
h1,3,0,3,1685
f3,3,3,0,1685
h4,4,3,1,1685
h3,5,4,1,1685
h3,5,4,1,1685
f4,5,2,3,1685
f2,1,1,0,1686
f4,2,1,1,1686
h5,2,2,0,1686
h1,2,0,2,1686
h3,2,2,0,1686
h2,2,2,0,1686
h2,2,2,0,1686
h4,1,1,0,1686
h5,1,1,0,1686
h5,1,1,0,1686
h5,0,0,0,1687
f3,2,2,0,1687
h3,2,2,0,1687
h5,3,3,0,1687
f4,3,1,2,1687
h5,2,2,0,1687
h3,2,2,0,1687
h5,1,1,0,1687
f4,0,0,0,1688
h5,0,0,0,1688
h5,0,0,0,1688
f5,1,1,0,1688
h2,1,1,0,1688
f3,0,0,0,1688
f2,1,1,0,1688
h1,1,0,1,1688
f3,2,2,0,1688
h5,2,2,0,1688
h2,0,0,0,1689
h3,0,0,0,1689
h3,0,0,0,1689
h5,1,1,0,1689
f5,1,0,1,1689
h3,1,1,0,1689
h1,4,0,4,1689
h1,4,0,4,1689
h1,4,0,4,1689
h1,0,0,0,1690
f1,0,0,0,1690
h3,1,1,0,1690
h1,2,0,2,1690
f3,2,2,0,1690
f4,1,0,1,1690
f2,2,2,0,1690
h1,0,0,0,1691
f2,0,0,0,1691
f2,0,0,0,1691
f1,1,1,0,1691
h2,1,1,0,1691
f1,2,2,0,1691
h3,2,2,0,1691
f4,3,3,0,1691
h3,0,0,0,1692
h1,4,0,4,1692
h1,5,0,5,1692
h3,7,6,1,1692
f4,6,3,3,1692
f1,0,0,0,1693
f2,0,0,0,1693
f1,1,1,0,1693
h3,3,3,0,1693
h4,4,4,0,1693
h4,4,4,0,1693
f1,5,4,1,1693
f5,5,4,1,1693
h3,1,1,0,1694
h1,1,0,1,1694
h4,1,1,0,1694
h2,2,2,0,1694
f3,3,3,0,1694
h4,3,3,0,1694
h5,2,2,0,1695
f4,2,2,0,1695
h4,2,2,0,1695
h5,4,4,0,1695
h1,4,0,4,1695
f1,4,3,1,1695
h3,4,4,0,1695
h5,4,4,0,1695
h5,4,4,0,1695
h5,0,0,0,1696
f2,1,1,0,1697
f1,2,2,0,1697
h2,3,3,0,1697
h2,3,3,0,1697
h5,7,6,1,1697
h4,1,1,0,1698
f1,0,0,0,1698
f2,1,1,0,1698
f4,1,0,1,1698
f2,1,1,0,1698
f2,2,2,0,1698
f2,1,1,0,1698
f1,2,2,0,1698
h5,3,3,0,1698
h1,2,0,2,1699
h1,2,0,2,1699
f2,1,1,0,1699
h5,4,4,0,1699
h5,4,4,0,1699
h1,4,0,4,1699
h2,4,3,1,1699
h5,4,4,0,1699
f2,1,1,0,1700
f3,2,2,0,1700
f3,3,3,0,1700
f1,4,3,1,1700
h5,4,4,0,1700
f5,4,3,1,1700
f4,3,3,0,1700
f4,3,3,0,1700
f4,3,3,0,1700
h5,0,0,0,1701
h5,0,0,0,1701
h5,3,3,0,1701
h1,4,0,4,1701
h4,4,4,0,1701
h2,4,4,0,1701
f3,3,3,0,1701
f2,4,4,0,1701
f2,4,4,0,1701
h4,1,1,0,1702
h5,2,2,0,1702
f1,2,1,1,1702
h2,2,1,1,1702
h2,1,0,1,1702
f3,3,3,0,1702
f3,3,3,0,1702
h2,2,1,1,1702
h3,3,3,0,1702
f1,3,2,1,1702
f4,0,0,0,1703
f1,0,0,0,1703
f1,0,0,0,1703
h3,0,0,0,1703
h4,3,3,0,1703
f2,5,5,0,1703
f2,4,4,0,1703
h3,4,4,0,1703
h1,0,0,0,1704
f2,1,1,0,1704
h5,3,2,1,1704
h5,3,2,1,1704
h5,3,2,1,1704
h5,3,2,1,1704
h1,2,0,2,1704
h3,3,2,1,1704
f4,4,2,2,1704
f2,3,2,1,1704
f2,1,1,0,1705
f3,1,1,0,1705
h1,2,0,2,1705
h5,2,2,0,1705
h5,2,2,0,1705
f2,3,2,1,1705
f4,3,1,2,1705
h3,4,3,1,1705
f4,5,2,3,1705
h5,6,5,1,1705
f2,1,1,0,1706
f4,2,1,1,1706
f5,1,1,0,1706
f1,0,0,0,1706
h1,2,0,2,1706
h1,4,0,4,1706
f4,4,3,1,1706
f4,2,2,0,1707
h1,2,0,2,1707
f1,2,2,0,1707
f2,1,1,0,1707
f4,1,1,0,1707
h3,2,1,1,1707
f4,2,1,1,1707
f4,1,0,1,1707
h3,2,1,1,1708
h1,2,0,2,1708
h1,2,0,2,1708
f3,4,3,1,1708
h4,4,3,1,1708
h2,5,4,1,1708
h5,5,4,1,1708
f1,5,4,1,1708
h1,6,0,6,1708
h5,2,2,0,1709
f1,2,2,0,1709
f3,2,2,0,1709
f1,3,3,0,1709
f3,2,2,0,1709
h5,3,3,0,1709
f3,2,2,0,1709
h1,3,0,3,1709
f1,4,4,0,1709
h5,4,4,0,1709
h2,0,0,0,1710
f2,1,1,0,1710
h1,2,0,2,1710
h5,4,4,0,1710
f2,4,3,1,1710
f5,5,3,2,1710
f2,6,5,1,1710
h5,7,6,1,1710
f1,6,4,2,1710
h1,2,0,2,1711
h3,2,2,0,1711
h3,2,2,0,1711
h2,4,3,1,1711
h3,4,4,0,1711
f4,4,3,1,1711
f4,5,4,1,1711
f5,6,6,0,1711
h1,7,0,7,1711
h3,0,0,0,1712
h2,0,0,0,1712
h4,0,0,0,1712
h1,0,0,0,1712
f1,0,0,0,1712
f1,0,0,0,1712
f2,0,0,0,1712
f3,0,0,0,1712
f2,0,0,0,1712
h5,3,3,0,1713
h4,3,3,0,1713
h5,4,4,0,1713
f2,4,3,1,1713
f4,4,3,1,1713
f1,5,3,2,1713
f2,4,3,1,1713
f5,4,2,2,1713
f4,5,3,2,1713
f3,0,0,0,1714
h4,0,0,0,1714
f5,3,2,1,1714
h1,4,0,4,1714
h5,5,4,1,1714
h3,5,4,1,1714
f2,4,3,1,1714
f4,4,3,1,1714
h1,0,0,0,1715
h2,0,0,0,1715
f1,3,3,0,1715
h5,4,4,0,1715
h5,4,4,0,1715
f1,3,3,0,1715
h3,3,3,0,1715
h3,3,3,0,1715
h1,0,0,0,1716
h1,0,0,0,1716
f1,0,0,0,1716
h5,1,1,0,1716
h5,2,2,0,1716
h3,2,2,0,1716
f2,3,3,0,1716
f1,3,3,0,1716
h2,4,4,0,1716
f3,3,3,0,1716
h1,2,0,2,1717
f2,2,2,0,1717
h3,1,1,0,1717
h5,5,5,0,1717
h1,5,0,5,1717
h5,5,5,0,1717
f3,4,4,0,1717
f4,5,4,1,1717
h3,5,5,0,1717
h5,1,1,0,1718
h5,1,1,0,1718
f5,1,1,0,1718
h5,4,3,1,1718
h1,4,0,4,1718
f2,5,4,1,1718
h4,7,6,1,1718
f4,6,3,3,1718
h2,6,4,2,1718
f1,0,0,0,1719
f5,0,0,0,1719
h1,0,0,0,1719
h1,0,0,0,1719
f5,0,0,0,1719
h1,0,0,0,1719
h2,0,0,0,1719
f4,0,0,0,1719
f1,0,0,0,1719
h2,3,2,1,1720
f2,3,2,1,1720
f3,3,2,1,1720
h3,4,3,1,1720
h5,4,3,1,1720
f5,4,2,2,1720
f3,3,2,1,1720
f5,4,2,2,1720
f4,0,0,0,1721
h4,4,4,0,1721
h3,2,2,0,1722
h5,4,4,0,1722
f4,4,4,0,1722
f4,4,4,0,1722
h1,5,0,5,1722
h5,6,6,0,1722
f2,6,6,0,1722
f2,0,0,0,1723
f2,2,2,0,1723
h3,2,2,0,1723
f1,2,2,0,1723
h3,4,3,1,1723
h3,0,0,0,1724
h4,0,0,0,1724
h3,1,1,0,1724
h4,1,1,0,1724
f5,0,0,0,1724
h3,1,1,0,1724
h3,4,4,0,1724
f2,4,4,0,1724
f2,0,0,0,1725
h1,0,0,0,1725
h3,0,0,0,1725
h5,0,0,0,1725
h2,0,0,0,1725
f4,0,0,0,1725
f4,0,0,0,1725
h5,3,3,0,1725
f4,0,0,0,1726
h5,0,0,0,1726
h1,0,0,0,1726
f2,0,0,0,1726
f2,0,0,0,1726
f3,0,0,0,1726
f5,2,2,0,1726
h2,3,3,0,1726
f4,6,5,1,1726
f2,0,0,0,1727
h1,2,0,2,1727
f4,2,2,0,1727
f5,3,2,1,1727
f1,2,2,0,1727
h3,3,3,0,1727
h3,2,2,0,1728
h1,3,0,3,1728
f3,3,3,0,1728
h4,3,3,0,1728
h2,2,1,1,1728
f2,3,3,0,1728
f2,6,6,0,1728
h1,0,0,0,1729
h3,1,1,0,1729
f4,2,2,0,1729
h5,2,2,0,1729
f1,1,1,0,1729
h3,1,1,0,1729
h4,1,1,0,1729
f5,1,0,1,1730
f2,2,2,0,1730
f3,1,1,0,1730
f4,1,1,0,1730
f2,1,1,0,1730
h5,0,0,0,1730
f2,0,0,0,1730
f1,0,0,0,1730
h2,1,1,0,1730
h3,0,0,0,1731
f3,0,0,0,1731
f3,2,2,0,1731
h5,2,2,0,1731
h1,2,0,2,1731
h1,3,0,3,1731
f1,2,1,1,1731
f5,4,3,1,1731
f2,3,3,0,1731
h3,0,0,0,1732
f3,2,1,1,1732
h5,2,1,1,1732
f3,1,0,1,1732
f4,3,1,2,1732
h3,5,4,1,1732
h5,5,4,1,1732
h3,5,4,1,1732
f5,5,3,2,1732
h3,1,1,0,1733
f1,1,0,1,1733
h3,1,1,0,1733
f2,1,1,0,1733
h5,2,2,0,1733
h1,2,0,2,1733
f1,2,1,1,1733
h1,0,0,0,1735
h1,0,0,0,1735
f2,2,2,0,1735
h3,6,6,0,1735
f1,6,5,1,1735
h2,0,0,0,1736
f2,0,0,0,1736
f1,2,1,1,1736
f4,2,1,1,1736
h1,3,0,3,1736
f2,3,3,0,1736
f4,2,1,1,1736
h1,2,0,2,1736
h3,2,2,0,1736
f1,0,0,0,1737
f3,1,1,0,1737
f1,2,1,1,1737
f3,2,1,1,1737
h5,3,2,1,1737
h1,2,0,2,1737
f5,5,3,2,1737
f2,2,2,0,1738
h2,4,3,1,1738
h3,5,5,0,1738
h5,6,6,0,1738
h1,5,0,5,1738
h5,0,0,0,1739
h1,0,0,0,1739
f3,2,1,1,1739
f3,3,2,1,1739
h4,4,3,1,1739
h2,4,2,2,1739
h3,5,4,1,1739
h3,5,4,1,1739
h3,5,4,1,1739
h1,2,0,2,1740
f2,3,2,1,1740
h3,3,2,1,1740
h3,2,1,1,1740
f5,2,0,2,1740
f2,3,2,1,1740
f3,2,1,1,1740
h1,2,0,2,1740
f2,4,3,1,1740
h3,0,0,0,1741
f2,0,0,0,1741
h2,3,3,0,1741
h3,2,2,0,1741
h4,3,3,0,1741
f4,3,2,1,1741
f4,4,3,1,1741
h5,4,4,0,1741
f2,0,0,0,1742
h4,2,2,0,1742
h2,2,1,1,1742
f2,3,3,0,1742
h1,4,0,4,1742
f4,3,2,1,1742
f5,4,3,1,1742
f2,4,4,0,1742
h1,5,0,5,1742
f5,5,4,1,1742
h5,0,0,0,1743
f3,0,0,0,1743
h4,0,0,0,1743
f5,0,0,0,1743
h1,0,0,0,1743
f2,1,1,0,1743
h5,4,4,0,1743
f2,3,3,0,1743
h1,0,0,0,1744
h1,0,0,0,1744
h1,1,0,1,1744
f2,0,0,0,1744
h3,1,1,0,1744
h2,2,2,0,1744
f2,1,1,0,1744
f1,2,2,0,1744
f4,4,4,0,1744
f1,0,0,0,1745
h3,0,0,0,1745
f1,0,0,0,1745
h2,1,1,0,1745
h3,1,1,0,1745
h5,0,0,0,1745
h1,0,0,0,1745
f4,1,1,0,1745
f2,3,3,0,1745
f3,3,3,0,1745
h5,1,1,0,1746
f4,2,2,0,1746
h5,2,2,0,1746
f2,2,2,0,1746
h2,2,1,1,1746
f5,2,1,1,1746
h4,4,4,0,1746
h5,4,4,0,1746
f3,0,0,0,1747
h5,0,0,0,1747
h1,0,0,0,1747
h2,0,0,0,1747
f3,1,1,0,1747
h5,2,2,0,1747
f5,2,1,1,1747
h1,3,0,3,1747
f2,3,3,0,1747
h3,1,1,0,1748
f2,1,1,0,1748
f2,1,1,0,1748
h3,2,2,0,1748
h3,2,2,0,1748
f2,3,3,0,1748
h1,4,0,4,1748
h5,5,5,0,1748
h1,0,0,0,1749
f3,0,0,0,1749
h1,1,0,1,1749
h1,1,0,1,1749
h1,2,0,2,1749
h1,3,0,3,1749
h3,4,3,1,1749
h3,5,4,1,1749
f4,5,4,1,1749
h1,0,0,0,1750
h5,1,1,0,1750
f2,1,1,0,1750
h3,0,0,0,1750
h1,2,0,2,1750
f1,2,1,1,1750
h1,4,0,4,1750
h3,0,0,0,1751
f5,0,0,0,1751
f2,1,1,0,1751
h5,2,2,0,1751
h4,2,2,0,1751
h5,1,1,0,1751
h4,1,1,0,1751
h2,2,2,0,1751
f4,1,1,0,1752
h5,1,1,0,1752
h3,4,4,0,1752
f4,3,2,1,1752
f3,4,4,0,1752
f1,4,3,1,1752
f2,4,4,0,1752
f3,5,5,0,1752
f5,6,5,1,1752
f2,5,5,0,1752
f3,0,0,0,1753
h2,5,5,0,1753
f4,5,4,1,1753
f5,4,3,1,1753
h3,0,0,0,1755
f4,2,0,2,1755
f1,2,0,2,1755
f1,2,0,2,1755
f1,4,2,2,1755
h4,5,4,1,1755
f1,4,2,2,1755
f2,4,3,1,1755
f3,4,3,1,1755
f2,1,1,0,1756
h2,2,1,1,1756
f2,3,3,0,1756
f3,3,3,0,1756
f3,3,3,0,1756
h1,3,0,3,1756
h2,3,2,1,1756
h4,2,2,0,1756
f5,0,0,0,1757
f1,0,0,0,1757
f2,0,0,0,1757
f2,0,0,0,1757
h3,3,3,0,1757
f5,2,2,0,1757
h1,2,0,2,1757
f2,2,2,0,1757
h5,3,3,0,1757
h5,3,3,0,1757
h1,0,0,0,1758
f1,0,0,0,1758
f3,0,0,0,1758
f2,2,1,1,1758
h1,2,0,2,1758
f2,2,1,1,1758
f2,5,4,1,1758
h1,5,0,5,1758
f4,1,1,0,1759
f4,0,0,0,1759
h5,2,2,0,1759
h1,2,0,2,1759
h5,2,2,0,1759
h5,2,2,0,1759
h3,2,2,0,1759
h3,4,4,0,1759
h1,0,0,0,1760
h3,4,4,0,1760
f2,4,4,0,1760
f4,3,2,1,1760
h5,5,5,0,1760
f2,3,3,0,1760
f3,1,1,0,1761
f3,1,1,0,1761
f3,1,1,0,1761
h5,2,2,0,1761
f2,3,3,0,1761
f4,2,1,1,1761
f5,3,2,1,1761
h5,2,2,0,1761
f4,1,1,0,1761
f2,0,0,0,1762
f1,0,0,0,1762
f5,2,2,0,1762
h3,2,2,0,1762
h1,2,0,2,1762
h1,2,0,2,1762
f3,2,2,0,1762
h3,2,2,0,1762
h5,2,2,0,1762
h1,0,0,0,1763
f3,2,2,0,1763
h1,3,0,3,1763
h3,3,3,0,1763
h1,3,0,3,1763
h3,4,4,0,1763
f3,3,3,0,1763
h4,4,4,0,1763
f5,1,1,0,1764
h1,1,0,1,1764
h5,3,3,0,1764
f2,2,2,0,1764
h5,3,3,0,1764
h1,3,0,3,1764
h2,0,0,0,1765
f2,0,0,0,1765
h3,0,0,0,1765
f4,3,3,0,1765
f5,2,2,0,1765
f2,2,2,0,1765
h1,4,0,4,1765
f1,0,0,0,1766
h3,2,2,0,1766
h1,2,0,2,1766
h5,3,3,0,1766
f1,3,3,0,1766
f3,3,3,0,1766
h5,4,4,0,1766
f2,0,0,0,1767
f4,0,0,0,1767
h5,0,0,0,1767
f2,0,0,0,1767
h3,0,0,0,1767
f1,1,0,1,1767
f2,3,3,0,1767
f4,2,2,0,1767
h3,3,3,0,1767
h4,1,1,0,1768
f2,2,2,0,1768
f2,2,2,0,1768
h3,1,1,0,1768
f1,1,1,0,1768
h4,1,1,0,1768
f1,1,1,0,1768
f1,1,1,0,1768
h3,0,0,0,1768
h2,1,1,0,1769
f2,1,1,0,1769
h3,0,0,0,1769
f4,1,1,0,1769
f2,1,1,0,1769
h3,5,5,0,1769
h1,6,0,6,1769
h5,5,5,0,1769
h5,5,5,0,1769
f1,0,0,0,1770
f4,4,2,2,1770
h5,4,3,1,1770
h3,4,3,1,1770
h4,4,3,1,1770
h3,4,3,1,1770
f2,0,0,0,1771
f3,0,0,0,1771
f2,1,1,0,1771
f2,2,2,0,1771
h4,2,2,0,1771
f4,1,0,1,1771
h3,3,3,0,1771
f3,3,3,0,1771
f2,3,3,0,1771
h3,4,3,1,1772
h5,1,1,0,1773
f2,3,3,0,1773
f4,4,2,2,1773
h3,3,3,0,1773
f4,4,2,2,1773
h5,4,4,0,1773
h4,4,4,0,1773
h1,4,0,4,1773
h2,3,3,0,1773
f3,1,1,0,1774
f3,1,1,0,1774
h5,4,3,1,1774
f3,3,2,1,1774
h1,3,0,3,1774
h1,3,0,3,1774
h3,4,3,1,1774
f1,0,0,0,1775
f2,0,0,0,1775
f3,1,1,0,1775
f4,1,1,0,1775
f3,1,1,0,1775
f5,3,3,0,1775
f2,4,4,0,1775
h5,3,3,0,1775
h5,3,3,0,1775
f2,4,4,0,1775
h5,2,2,0,1776
h5,4,4,0,1776
f2,4,4,0,1776
h3,5,5,0,1776
f2,5,5,0,1776
h5,5,5,0,1776
h1,0,0,0,1777
h5,1,1,0,1777
h2,2,1,1,1777
f5,2,2,0,1777
h4,3,3,0,1777
f4,3,1,2,1777
f4,3,1,2,1777
f1,2,0,2,1777
f1,0,0,0,1778
f4,0,0,0,1778
f2,0,0,0,1778
f2,0,0,0,1778
h4,1,1,0,1778
h5,1,1,0,1778
h4,1,1,0,1778
h3,0,0,0,1778
h5,2,2,0,1778
f5,6,5,1,1778
h4,0,0,0,1779
f4,0,0,0,1779
f2,2,1,1,1779
f4,3,2,1,1779
f4,4,3,1,1779
h1,4,0,4,1779
f3,5,4,1,1779
h5,6,5,1,1779
h1,0,0,0,1780
f2,1,1,0,1780
f1,2,2,0,1780
h3,2,2,0,1780
h3,2,2,0,1780
f4,1,1,0,1780
f1,0,0,0,1780
f2,1,1,0,1780
f4,0,0,0,1781
h2,0,0,0,1781
h1,2,0,2,1781
h1,2,0,2,1781
h1,2,0,2,1781
f2,2,2,0,1781
f5,3,2,1,1781
h1,4,0,4,1781
f5,3,2,1,1781
f1,0,0,0,1782
h5,3,2,1,1782
h5,5,4,1,1782
f2,6,5,1,1782
f5,6,4,2,1782
f3,6,5,1,1782
h5,1,1,0,1783
h2,2,1,1,1783
h3,2,2,0,1783
h1,2,0,2,1783
h5,2,2,0,1783
h4,1,1,0,1783
f4,2,2,0,1783
f1,3,3,0,1783
h5,1,1,0,1784
h2,1,0,1,1784
h1,2,0,2,1784
f1,2,1,1,1784
f2,2,2,0,1784
h3,3,3,0,1784
f4,2,1,1,1784
h3,4,3,1,1784
f5,1,1,0,1785
h3,2,2,0,1785
f2,2,2,0,1785
f4,3,2,1,1785
f4,3,2,1,1785
f3,3,3,0,1785
h5,4,4,0,1785
h5,4,4,0,1785
h5,4,4,0,1785
f5,0,0,0,1786
h3,2,1,1,1786
h3,3,2,1,1786
h2,4,2,2,1786
h2,4,2,2,1786
h1,3,0,3,1786
h3,4,3,1,1786
h3,3,2,1,1786
f2,1,1,0,1787
f5,2,1,1,1787
h1,1,0,1,1787
h4,2,2,0,1787
f5,3,2,1,1787
f2,3,3,0,1787
h3,5,5,0,1787
h1,6,0,6,1787
h1,0,0,0,1788
f4,0,0,0,1788
h2,2,1,1,1788
h1,3,0,3,1788
f1,3,2,1,1788
h3,4,4,0,1788
f3,3,3,0,1788
h4,1,1,0,1789
h1,2,0,2,1789
f1,1,1,0,1789
h5,3,3,0,1789
f2,2,2,0,1789
h1,3,0,3,1789
f2,2,2,0,1789
f2,2,2,0,1789
f2,1,1,0,1790
f4,2,1,1,1790
h1,2,0,2,1790
f4,4,3,1,1790
f1,2,2,0,1790
f2,2,2,0,1790
f5,4,3,1,1790
h5,2,2,0,1791
h1,3,0,3,1791
h3,4,4,0,1791
f3,3,3,0,1791
h1,5,0,5,1791
h1,6,0,6,1791
h3,5,5,0,1791
h5,5,5,0,1791
f1,5,4,1,1791
h2,0,0,0,1792
h1,2,0,2,1792
f1,2,1,1,1792
f4,3,3,0,1792
h1,6,0,6,1792
f2,5,5,0,1792
h5,6,6,0,1792
h1,1,0,1,1793
f1,1,1,0,1793
f1,1,0,1,1793
h3,1,0,1,1793
h5,2,1,1,1793
f1,3,1,2,1793
h3,4,3,1,1793
f4,3,1,2,1793
f5,4,2,2,1793
f4,1,1,0,1794
h5,2,2,0,1794
h5,1,1,0,1794
h1,0,0,0,1794
f4,0,0,0,1794
f1,4,2,2,1794
h5,6,5,1,1794
f5,5,4,1,1794
h5,5,4,1,1794
h5,1,1,0,1795
h5,2,2,0,1795
f5,4,3,1,1795
h4,4,4,0,1795
h5,4,4,0,1795
h5,4,4,0,1795
h5,4,4,0,1795
f4,3,2,1,1795
h5,4,4,0,1795
f1,0,0,0,1796
f5,0,0,0,1796
f1,0,0,0,1796
f1,2,1,1,1796
h5,3,2,1,1796
f5,6,4,2,1796
f3,5,4,1,1796
h1,5,0,5,1796
f4,5,4,1,1796
f4,0,0,0,1797
h5,0,0,0,1797
f5,0,0,0,1797
h3,0,0,0,1797
h5,0,0,0,1797
h5,0,0,0,1797
h5,0,0,0,1797
f2,0,0,0,1797
h5,0,0,0,1797
h2,0,0,0,1798
f2,0,0,0,1798
f5,2,2,0,1798
f2,3,3,0,1798
h5,4,4,0,1798
h3,4,4,0,1798
h4,4,4,0,1798
h5,4,4,0,1798
f1,0,0,0,1799
h2,0,0,0,1799
h3,0,0,0,1799
f3,3,3,0,1799
f2,2,2,0,1799
f2,2,2,0,1799
f4,5,3,2,1799
f5,4,3,1,1799
f4,5,3,2,1799
h2,0,0,0,1800
h4,2,2,0,1800
f4,2,2,0,1800
h1,2,0,2,1800
f1,2,2,0,1800
f3,1,1,0,1800
h5,3,2,1,1800
f1,3,2,1,1800
